{"type": "FeatureCollection", "features": [{"type": "Feature", "properties": {"name": "Sweden", "source": "Natural Earth 10m Land + 10m Minor Islands (public domain), via nvkelso/natural-earth-vector, clipped to Sweden's ne_10m_admin_0_countries shape buffered 0.05 deg"}, "geometry": {"type": "MultiPolygon", "coordinates": [[[[15.702159, 56.076728], [15.696788, 56.074286], [15.687673, 56.074612], [15.683279, 56.075385], [15.651134, 56.089993], [15.642345, 56.104641], [15.654959, 56.119452], [15.669119, 56.123928], [15.675304, 56.120103], [15.68336, 56.117499], [15.693533, 56.11758], [15.705333, 56.1164], [15.717784, 56.116604], [15.726899, 56.118354], [15.725841, 56.112982], [15.714366, 56.107001], [15.700857, 56.105658], [15.698497, 56.100531], [15.703298, 56.089423], [15.703624, 56.080715], [15.702159, 56.076728]]], [[[15.473969, 56.122707], [15.481293, 56.125759], [15.486746, 56.125678], [15.48878, 56.122219], [15.487478, 56.115587], [15.484793, 56.108751], [15.477691568464845, 56.10192573054053], [15.473462491567606, 56.10227004646125], [15.468574703198755, 56.10316276246134], [15.463799650381775, 56.104536184315876], [15.459184486604691, 56.10637674952966], [15.444534613758668, 56.113081051660565], [15.455007, 56.1199], [15.473969, 56.122707]]], [[[15.593679, 56.110378], [15.595551, 56.11286], [15.612722, 56.126125], [15.615571, 56.130764], [15.621755, 56.133612], [15.628835, 56.134914], [15.63502, 56.13349], [15.635265, 56.129014], [15.631847, 56.12401], [15.630626, 56.120388], [15.630707, 56.116645], [15.632904, 56.11168], [15.633067, 56.107204], [15.627778, 56.103502], [15.608572, 56.097886], [15.598318, 56.103909], [15.593679, 56.110378]]], [[[14.953949, 56.122992], [14.962698221849646, 56.12164072158046], [14.958918955531843, 56.12204402290128], [14.954623626807182, 56.120605300435464], [14.953949, 56.122992]]], [[[15.559221758459374, 56.12290792960802], [15.555968704737577, 56.125752217394414], [15.557709, 56.125474], [15.565684, 56.118516], [15.565582037654025, 56.11823924506093], [15.562923020987714, 56.11996849820294], [15.559221758459374, 56.12290792960802]]], [[[15.52655800913334, 56.128134956259416], [15.525934551249504, 56.12713476919782], [15.522890104193273, 56.12318868758092], [15.519467925810691, 56.11956530337231], [15.515702019164587, 56.11630061883345], [15.515475477905857, 56.11612320868121], [15.520356, 56.124457], [15.52655800913334, 56.128134956259416]]], [[[14.964215640992482, 56.12147879143502], [14.974783, 56.122829], [14.979828, 56.125474], [14.980053877258069, 56.119711352739834], [14.97953877142755, 56.11984359607597], [14.964215640992482, 56.12147879143502]]], [[[15.718761, 56.138332], [15.729584, 56.140733], [15.737153, 56.140082], [15.748953, 56.134833], [15.758881, 56.133572], [15.765554, 56.13109], [15.773448, 56.133938], [15.777354, 56.129096], [15.777192, 56.123562], [15.77296, 56.122219], [15.769216, 56.118557], [15.767426, 56.112901], [15.76352, 56.108873], [15.756277, 56.107408], [15.750499, 56.111314], [15.745942, 56.117092], [15.714692, 56.132636], [15.718761, 56.138332]]], [[[15.39324, 56.162543], [15.406749, 56.155544], [15.400564, 56.145087], [15.39324, 56.14883], [15.39324, 56.162543]]], [[[17.031993, 57.183173], [17.028168, 57.181464], [17.023285, 57.172187], [17.019216, 57.157172], [17.01531, 57.147935], [16.973481, 57.104193], [16.967459, 57.089586], [16.960623, 57.063218], [16.943207, 57.051825], [16.920909, 57.046373], [16.898611, 57.038072], [16.904796, 57.029446], [16.912852, 57.023505], [16.922862, 57.019721], [16.93393, 57.017564], [16.914073, 57.007392], [16.899181, 56.996405], [16.871267, 56.969184], [16.878429, 56.956366], [16.884532, 56.935614], [16.883067, 56.916246], [16.867849, 56.907701], [16.858165, 56.896796], [16.841807, 56.844062], [16.830333, 56.825832], [16.82781, 56.82567], [16.781586, 56.810614], [16.775076, 56.805365], [16.768728, 56.79678], [16.764415, 56.787421], [16.762055, 56.777655], [16.761404, 56.767524], [16.756521, 56.747463], [16.698497, 56.645209], [16.689708, 56.625434], [16.68629, 56.602362], [16.682791, 56.593492], [16.674327, 56.583441], [16.664236, 56.575344], [16.655935, 56.571967], [16.64324, 56.568427], [16.636974, 56.559719], [16.631684, 56.537828], [16.631521, 56.532213], [16.63795, 56.529202], [16.638438, 56.524156], [16.635753, 56.519192], [16.627126, 56.508531], [16.624848, 56.503648], [16.622813, 56.486518], [16.61964, 56.475328], [16.614024, 56.465806], [16.599294, 56.447414], [16.586111, 56.426663], [16.575857, 56.405748], [16.569591, 56.38703], [16.568533, 56.379055], [16.569591, 56.356269], [16.566417, 56.346137], [16.552257, 56.332099], [16.549083, 56.32217], [16.541189, 56.306138], [16.490896, 56.239569], [16.472667, 56.22724], [16.450206, 56.218655], [16.428477, 56.217963], [16.412608, 56.229315], [16.410492, 56.238267], [16.412771, 56.261176], [16.412608, 56.270941], [16.398936, 56.298245], [16.407237, 56.319973], [16.408376, 56.344631], [16.405772, 56.38703], [16.414073, 56.402777], [16.40797, 56.4206], [16.397227, 56.439602], [16.391449, 56.458686], [16.398936, 56.544664], [16.40211, 56.554389], [16.419444, 56.585639], [16.442556, 56.60871], [16.446056, 56.616645], [16.45281, 56.637519], [16.62086, 56.87226], [16.637869, 56.882473], [16.659028, 56.886542], [16.689708, 56.887274], [16.716807, 56.891832], [16.731293, 56.903998], [16.748302, 56.941881], [16.79363, 57.003852], [16.845551, 57.059068], [16.888357, 57.118232], [16.906016, 57.192043], [16.909923, 57.202216], [16.919281, 57.207221], [16.94044, 57.212836], [16.953868, 57.222113], [16.959239, 57.230699], [16.962087, 57.28734], [16.966482, 57.304592], [16.988536, 57.317572], [17.019216, 57.34455], [17.035818, 57.352769], [17.054861, 57.358222], [17.065278, 57.357733], [17.073497, 57.343207], [17.081879, 57.341376], [17.091075, 57.344468], [17.097179, 57.352769], [17.104015, 57.352769], [17.104259, 57.348293], [17.10613, 57.345608], [17.108572, 57.343207], [17.11085, 57.339789], [17.115733, 57.335354], [17.119802, 57.330512], [17.122813, 57.325181], [17.124522, 57.319281], [17.097016, 57.317369], [17.075531, 57.305121], [17.042003, 57.270901], [17.064464, 57.241889], [17.066254, 57.226711], [17.050466, 57.201158], [17.050792, 57.192328], [17.04949, 57.1883], [17.045665, 57.186672], [17.031993, 57.183173]]], [[[16.580414, 57.119412], [16.589936, 57.118842], [16.61085, 57.110582], [16.61461123078586, 57.10817429413438], [16.614964670268556, 57.10749847658017], [16.616778994133057, 57.10302458218981], [16.61809958551141, 57.09857772181273], [16.614594, 57.099026], [16.611013, 57.098578], [16.611746, 57.101101], [16.606049, 57.104885], [16.596039, 57.10399], [16.587006, 57.102607], [16.580821, 57.106024], [16.5831, 57.111192], [16.582286, 57.114651], [16.580414, 57.119412]]], [[[16.545230974907117, 57.16794334277884], [16.549917084025907, 57.16752585582491], [16.55454320949375, 57.1666697733606], [16.559068393605283, 57.16538267476816], [16.56345257234607, 57.163675955459446], [16.567656930101972, 57.16156472598582], [16.56789880303123, 57.16141325349882], [16.566905, 57.15941], [16.537608, 57.148586], [16.529063, 57.153428], [16.52589, 57.15941], [16.525401, 57.163113], [16.53399900712864, 57.1730644279489], [16.53909198931279, 57.16818852777435], [16.539371974907116, 57.16818834277884], [16.545230974907117, 57.16794334277884]]], [[[16.711599, 57.510565], [16.719656, 57.50137], [16.715587, 57.501125], [16.701345, 57.505479], [16.69101, 57.509345], [16.68393, 57.518704], [16.681326, 57.523871], [16.69988, 57.51732], [16.711599, 57.510565]]], [[[16.672278521985653, 57.60160674987644], [16.669696846698322, 57.59799849856631], [16.666383940542932, 57.59423199762105], [16.66446758356804, 57.592261996607036], [16.66752142499976, 57.58894088920838], [16.670351810475285, 57.58521104002116], [16.668549, 57.584052], [16.666189, 57.581692], [16.659597, 57.582058], [16.657888, 57.580837], [16.657807, 57.577867], [16.654959, 57.576524], [16.652029, 57.580227], [16.653656, 57.587958], [16.658132, 57.593166], [16.659679, 57.59752], [16.670014, 57.59927], [16.672278521985653, 57.60160674987644]]], [[[11.728518724617171, 57.643386541768756], [11.727468, 57.646674], [11.7317, 57.648749], [11.739431, 57.649359], [11.742768, 57.647935], [11.745372, 57.649359], [11.756114, 57.65469], [11.760427, 57.655585], [11.764903, 57.654242], [11.76824, 57.650539], [11.771169, 57.653266], [11.778412, 57.655585], [11.779389873129567, 57.65432069512341], [11.775599479015662, 57.65201691281544], [11.771084588203475, 57.6498581972388], [11.76637651986588, 57.64816161699744], [11.761522438098133, 57.64694416795176], [11.747769438098132, 57.644218167951756], [11.74260044976976, 57.64347167929596], [11.737381792965843, 57.64326843851513], [11.728518724617171, 57.643386541768756]]], [[[11.664317, 57.697455], [11.666189, 57.694607], [11.667166, 57.691718], [11.668956, 57.689154], [11.66977, 57.686143], [11.673513, 57.681708], [11.670584, 57.67829], [11.664561, 57.677314], [11.659619737824151, 57.67846578157917], [11.658136736503932, 57.68215746909053], [11.656737826207207, 57.687002647223316], [11.655834102543093, 57.69196409708154], [11.65481283392484, 57.699792661302006], [11.664317, 57.697455]]], [[[11.65451696629853, 57.716697102508405], [11.658214, 57.713731], [11.663015, 57.707546], [11.660411, 57.704495], [11.654796, 57.70128], [11.654660463922143, 57.700960657977966], [11.654369102543093, 57.70319409708154], [11.653962732232305, 57.70849023438511], [11.654120491087252, 57.713799595863804], [11.65451696629853, 57.716697102508405]]], [[[16.718679, 57.792304], [16.711762, 57.788764], [16.70989, 57.784695], [16.708995, 57.780178], [16.705496, 57.77969], [16.687673, 57.787543], [16.683686, 57.790961], [16.661794, 57.799954], [16.655854, 57.805162], [16.662039, 57.809353], [16.670665, 57.811876], [16.69683683562351, 57.80998182563907], [16.69860275571587, 57.80891319157289], [16.72152545489675, 57.79879141373657], [16.722179, 57.797716], [16.71933, 57.795885], [16.718679, 57.792304]]], [[[16.710948, 57.850002], [16.708181, 57.852037], [16.711762, 57.853135], [16.728852, 57.853624], [16.747651, 57.83808], [16.76352, 57.8369], [16.762136, 57.832546], [16.762136, 57.829372], [16.764968883866135, 57.827551357543385], [16.762684213171582, 57.82722710638353], [16.75767505991171, 57.827023246242526], [16.74058505991171, 57.82718524624253], [16.7350407167154, 57.82754651879609], [16.72957068790539, 57.828520707768575], [16.72911105539877, 57.828656581087245], [16.728201, 57.829942], [16.72283, 57.834418], [16.713145, 57.839545], [16.708344, 57.840725], [16.704438, 57.839016], [16.700541124522623, 57.83908064200567], [16.699709520769865, 57.8395348484078], [16.701508, 57.844631], [16.710948, 57.850002]]], [[[11.639008, 57.882717], [11.64088, 57.877997], [11.639171, 57.873684], [11.628673, 57.872138], [11.626964, 57.867214], [11.623302, 57.866726], [11.616303, 57.862331], [11.609899867595646, 57.85800204620192], [11.61055678571868, 57.859699212588325], [11.612722749149746, 57.864007969247496], [11.615293736416149, 57.86808801900315], [11.618245830362214, 57.87190140632497], [11.621551568506357, 57.87541265636663], [11.625180198516647, 57.878589104978055], [11.629097964290922, 57.8814012025707], [11.635268588798402, 57.88539405799517], [11.639008, 57.882717]]], [[[11.604337612340002, 57.886544373521936], [11.599115567668331, 57.885806087524436], [11.593844807373703, 57.88562196071055], [11.580172807373703, 57.885865960710554], [11.575724483808356, 57.886144029259306], [11.571318595781003, 57.88681712312367], [11.566990152309883, 57.88787989392546], [11.564469206959732, 57.888743207521216], [11.566173, 57.888943], [11.580414, 57.897284], [11.599213, 57.899319], [11.622081, 57.895697], [11.624052454654862, 57.89472001456467], [11.619137027068241, 57.891971833703295], [11.614404342893112, 57.889644492459404], [11.609452841302437, 57.88782860458716], [11.604337612340002, 57.886544373521936]]], [[[11.711436, 58.011379], [11.695079, 58.015082], [11.679373, 58.006252], [11.667654, 57.990383], [11.659434, 57.963284], [11.650645, 57.95539], [11.639415, 57.951361], [11.618907, 57.95425], [11.611095, 57.948432], [11.603689, 57.940619], [11.594737, 57.935614], [11.581065, 57.935858], [11.572276, 57.940253], [11.566091, 57.945868], [11.560069, 57.949286], [11.533702, 57.95067], [11.527843, 57.954291], [11.52589, 57.96662], [11.522716, 57.975043], [11.516449, 57.983832], [11.512462, 57.992621], [11.515636, 58.0008], [11.527029, 58.005316], [11.554861, 58.002387], [11.567556, 58.003892], [11.54713, 58.009996], [11.524262, 58.009955], [11.505626, 58.013007], [11.497895, 58.028062], [11.50587, 58.046047], [11.52475, 58.050727], [11.567556, 58.045478], [11.659679, 58.045478], [11.681488, 58.050238], [11.698985, 58.059149], [11.716563, 58.064521], [11.73878, 58.058539], [11.738455, 58.04149], [11.740489, 58.03559], [11.745616, 58.031195], [11.735606, 58.003404], [11.731944, 57.997707], [11.719412, 57.992174], [11.710216, 57.992906], [11.706798, 57.999498], [11.711436, 58.011379]]], [[[16.811046, 58.102769], [16.812185, 58.100694], [16.816417, 58.10045], [16.817247071066898, 58.09970257891026], [16.81196004478384, 58.09458696419854], [16.809810683757046, 58.092706384494726], [16.79599, 58.095852], [16.782481, 58.105292], [16.788097, 58.113837], [16.801687, 58.118476], [16.812104, 58.119778], [16.815766, 58.118842], [16.821544, 58.111029], [16.82073, 58.106594], [16.811046, 58.102769]]], [[[11.628917, 58.100084], [11.612315, 58.118598], [11.585297, 58.123114], [11.556488, 58.117865], [11.533946, 58.106879], [11.523692, 58.096666], [11.519867, 58.089545], [11.516287, 58.086005], [11.506033, 58.086412], [11.495616, 58.089911], [11.463878, 58.106879], [11.463878, 58.07217], [11.457693, 58.07217], [11.451182, 58.097073], [11.447439, 58.103461], [11.416026, 58.122504], [11.406586, 58.13109], [11.408865, 58.145697], [11.428966, 58.160956], [11.527843, 58.212795], [11.562673, 58.21955], [11.588227, 58.232896], [11.601573, 58.23725], [11.618419, 58.237616], [11.64796, 58.234036], [11.663097, 58.23725], [11.658539, 58.248114], [11.660004, 58.258124], [11.666759, 58.266303], [11.677419, 58.271389], [11.672699, 58.281195], [11.669932, 58.285102], [11.686371, 58.291205], [11.703461, 58.291246], [11.73878, 58.285102], [11.749848, 58.262885], [11.768565, 58.253648], [11.789399, 58.246405], [11.806977, 58.230414], [11.813731, 58.211371], [11.815278, 58.189276], [11.813813, 58.144477], [11.804698, 58.125718], [11.782725, 58.120307], [11.756684, 58.118313], [11.708181, 58.098212], [11.654633, 58.107978], [11.628917, 58.100084]]], [[[16.922183172607312, 58.25524498202084], [16.920224056522386, 58.252272629154085], [16.919119, 58.251695], [16.911632, 58.249823], [16.907319, 58.244859], [16.906098, 58.254462], [16.913259, 58.261664], [16.921479, 58.269151], [16.92704401410432, 58.26669248804244], [16.926441319461073, 58.26455673063285], [16.924551235378544, 58.259791569471375], [16.922183172607312, 58.25524498202084]]], [[[16.86671, 58.304592], [16.877289, 58.299709], [16.880626, 58.29328], [16.87908, 58.280585], [16.868175, 58.27265], [16.855805, 58.271877], [16.847423, 58.275458], [16.836436, 58.290513], [16.83253, 58.304185], [16.8449, 58.31037], [16.86671, 58.304592]]], [[[16.865245, 58.316718], [16.846039, 58.31981], [16.827403, 58.327541], [16.814952, 58.339179], [16.809418, 58.348456], [16.80421, 58.353013], [16.800141, 58.358303], [16.801524, 58.364814], [16.796397, 58.371405], [16.785167, 58.380072], [16.79005, 58.389065], [16.807791, 58.394232], [16.816742, 58.395575], [16.829763, 58.399482], [16.836599, 58.400458], [16.840668, 58.399075], [16.85377, 58.402004], [16.859711, 58.400295], [16.864268, 58.397691], [16.861583, 58.391995], [16.851248, 58.383368], [16.840017, 58.380357], [16.828787, 58.381537], [16.847179, 58.372138], [16.845388, 58.368801], [16.833832, 58.368883], [16.827485, 58.363593], [16.830577, 58.355943], [16.846039, 58.345364], [16.870291, 58.333238], [16.891612, 58.333726], [16.910492, 58.338324], [16.918956, 58.336371], [16.915294, 58.335028], [16.913259, 58.334784], [16.908376, 58.329413], [16.904959, 58.326321], [16.89503, 58.320705], [16.881847, 58.317125], [16.865245, 58.316718]]], [[[16.954682, 58.498358], [16.964692, 58.502509], [16.981293, 58.497789], [16.989870164181752, 58.49656336818328], [16.990182323999704, 58.492285364355794], [16.9900622652561, 58.48767950754195], [16.98699, 58.487494], [16.981944, 58.48432], [16.973074, 58.482164], [16.960867, 58.485338], [16.95281, 58.490627], [16.954682, 58.498358]]], [[[16.948253, 58.506903], [16.9463, 58.501817], [16.937999, 58.503038], [16.934581, 58.507229], [16.925792, 58.50727], [16.908051, 58.511705], [16.893809, 58.520779], [16.892263, 58.527004], [16.899913, 58.529242], [16.90919, 58.529283], [16.923757, 58.523057], [16.933279, 58.515692], [16.940522, 58.513251], [16.948253, 58.506903]]], [[[17.443514128622336, 58.74306392840102], [17.44101, 58.744615], [17.427989, 58.745347], [17.42628, 58.751776], [17.432221, 58.75727], [17.4428, 58.75967], [17.4546, 58.75845], [17.462738, 58.754299], [17.468435, 58.747178], [17.468272, 58.750718], [17.465831, 58.75552], [17.46697, 58.760484], [17.478038, 58.762112], [17.496104, 58.755194], [17.496457951498176, 58.749956909282545], [17.473490391279825, 58.74338062099177], [17.468610315982847, 58.74224446060424], [17.46364103089004, 58.74160243179123], [17.458632439540732, 58.74146098206169], [17.453634840203335, 58.74182153191012], [17.443514128622336, 58.74306392840102]]], [[[17.603933, 58.833075], [17.596528, 58.841824], [17.596365, 58.845974], [17.601248, 58.840969], [17.630136833626352, 58.83041270039166], [17.62931852266814, 58.82930933579182], [17.62602333905933, 58.82567366094067], [17.62445006867776, 58.82424773178424], [17.603933, 58.833075]]], [[[17.70808504149809, 58.8547480207918], [17.703488820464926, 58.853341526558], [17.70197567647651, 58.853033547472855], [17.695567, 58.860907], [17.706391, 58.857082], [17.708777370160806, 58.85503514353151], [17.70808504149809, 58.8547480207918]]], [[[17.831798, 58.883897], [17.833832, 58.88996], [17.841238, 58.897366], [17.850922, 58.899563], [17.85613, 58.897244], [17.860444, 58.891832], [17.858979, 58.883938], [17.843516, 58.872016], [17.833832, 58.855902], [17.836681, 58.854722], [17.851573, 58.853624], [17.861501, 58.849311], [17.8685, 58.836615], [17.867849, 58.823757], [17.866954, 58.81977], [17.870372, 58.817043], [17.8702496053671, 58.816418997878955], [17.857532320225, 58.822777640450006], [17.853560274905515, 58.82499502854911], [17.84980620086677, 58.82756424674026], [17.84630117276296, 58.83046402811022], [17.83580317276296, 58.83998602811022], [17.83230096347343, 58.843494406761714], [17.829163376554426, 58.847332340971114], [17.826421253469626, 58.8514621050876], [17.825527964658004, 58.85314917218068], [17.824233687285208, 58.851642476106186], [17.820830269281664, 58.84805568283979], [17.81708922684807, 58.84482258192074], [17.813047144895435, 58.8419747909293], [17.810372942993066, 58.84046193946767], [17.808849, 58.844468], [17.809174, 58.849677], [17.814626, 58.853583], [17.820811, 58.852851], [17.82073, 58.857449], [17.817231, 58.866523], [17.817312, 58.876166], [17.823009, 58.882921], [17.831798, 58.883897]]], [[[18.15268, 58.916571], [18.163422, 58.917426], [18.167166, 58.927517], [18.167084, 58.929307], [18.168549, 58.934719], [18.172862, 58.938341], [18.196462, 58.939805], [18.202322, 58.943061], [18.205414, 58.942654], [18.209158, 58.941026], [18.213552, 58.94066], [18.211029, 58.936062], [18.163178, 58.907091], [18.155447, 58.906155], [18.145518, 58.902615], [18.144369573478908, 58.90274432320856], [18.14412900324053, 58.90459893996188], [18.1456, 58.906806], [18.146739, 58.913031], [18.15268, 58.916571]]], [[[18.289806, 58.941392], [18.299327, 58.934231], [18.314789, 58.930976], [18.316417, 58.926947], [18.288341, 58.923733], [18.272472, 58.919176], [18.237966, 58.91413], [18.216319, 58.905585], [18.206065, 58.905422], [18.198253, 58.908149], [18.193614, 58.911322], [18.195567, 58.920152], [18.210948, 58.935045], [18.22641, 58.944729], [18.261892, 58.959621], [18.276541, 58.961412], [18.290375, 58.961249], [18.29949, 58.962714], [18.305675, 58.965399], [18.321462, 58.969143], [18.350841, 58.979682], [18.357107, 58.976996], [18.353852, 58.967353], [18.338878, 58.957913], [18.317231, 58.951361], [18.309337, 58.947659], [18.301524, 58.945502], [18.293468, 58.946275], [18.289806, 58.941392]]], [[[18.028656, 58.948472], [18.02947, 58.946275], [18.029552, 58.941433], [18.022472, 58.933621], [18.014008, 58.929267], [18.008556, 58.93004], [18.007009, 58.933417], [18.00294, 58.933783], [17.992035, 58.932074], [17.992442, 58.939032], [18.018728, 58.96719], [18.030284, 58.975409], [18.036306, 58.973334], [18.036306, 58.967556], [18.031912, 58.963853], [18.026378, 58.961249], [18.02589, 58.958197], [18.03004, 58.955471], [18.030935, 58.952053], [18.028656, 58.948472]]], [[[17.682628, 58.914252], [17.691173, 58.901801], [17.684825, 58.900824], [17.657725, 58.922675], [17.657074, 58.917792], [17.648123, 58.918931], [17.639171, 58.930976], [17.640636, 58.947659], [17.633962, 58.956244], [17.625824, 58.956773], [17.624278, 58.963935], [17.626801, 58.981391], [17.636404, 58.997748], [17.646007, 59.009467], [17.648123, 59.017524], [17.646169, 59.023424], [17.646821, 59.03384], [17.643891, 59.061347], [17.652192, 59.071519], [17.663097, 59.071967], [17.665701, 59.064765], [17.668956, 59.058905], [17.673025, 59.057603], [17.677582, 59.056586], [17.686697, 59.05036], [17.694102, 59.038967], [17.700938, 59.024848], [17.706309, 59.008368], [17.707286, 58.993354], [17.702485, 58.984809], [17.700206, 58.976752], [17.703624, 58.965318], [17.704112, 58.955268], [17.700043, 58.94538], [17.697113, 58.935492], [17.694347, 58.928616], [17.687511, 58.924791], [17.680675, 58.92182], [17.682628, 58.914252]]], [[[18.149181, 58.994371], [18.148692, 58.985785], [18.150238, 58.976874], [18.144705, 58.969062], [18.131114, 58.964748], [18.117524, 58.967353], [18.098969, 58.978827], [18.094737, 58.978013], [18.086925, 58.975165], [18.071951, 58.965522], [18.056651, 58.959418], [18.050629, 58.960924], [18.050548, 58.967108], [18.052582, 58.970649], [18.058604, 58.985093], [18.065196, 58.991034], [18.075938, 58.993109], [18.081554, 58.996731], [18.079845, 59.00259], [18.082856, 59.009223], [18.092784, 59.017768], [18.103526, 59.02265], [18.125336, 59.020738], [18.149425, 59.02558], [18.17213, 59.02733], [18.216563, 59.024482], [18.215668, 59.020087], [18.178722, 59.01142], [18.180675, 59.009223], [18.185395, 59.011542], [18.192068, 59.01203], [18.198253, 59.00967], [18.194591, 58.997992], [18.190196, 58.993883], [18.182628, 58.999254], [18.174653, 59.001451], [18.167654, 58.997301], [18.159434, 58.997707], [18.148123, 59.005276], [18.145844, 59.004381], [18.149181, 58.994371]]], [[[18.143077, 59.045111], [18.147227, 59.053412], [18.160004, 59.05744], [18.16741, 59.058376], [18.167898, 59.054104], [18.170828, 59.05272], [18.179779, 59.050808], [18.186127, 59.043687], [18.178559, 59.042751], [18.173676, 59.045071], [18.166596, 59.042344], [18.160574, 59.040229], [18.150645, 59.043402], [18.143077, 59.045111]]], [[[18.190115, 59.338365], [18.165538, 59.340644], [18.139985, 59.348578], [18.122813, 59.356757], [18.116954, 59.364325], [18.112478, 59.372016], [18.105317, 59.377631], [18.1067, 59.384955], [18.122732, 59.389106], [18.237478, 59.372789], [18.249278, 59.366685], [18.232758, 59.364569], [18.223888, 59.365709], [18.203949, 59.365912], [18.209727, 59.362372], [18.222423, 59.351793], [18.212087, 59.341498], [18.190115, 59.338365]]], [[[18.405528, 59.406562], [18.398448, 59.405788], [18.38266, 59.407172], [18.382172, 59.406521], [18.431163, 59.398424], [18.430675, 59.392524], [18.388194, 59.393704], [18.373546, 59.398301], [18.362397, 59.419013], [18.370942, 59.419379], [18.382009, 59.415391], [18.396739, 59.415147], [18.404714, 59.410834], [18.405528, 59.406562]]], [[[18.329438, 59.440619], [18.349132, 59.432807], [18.357107, 59.426459], [18.337494, 59.422105], [18.314138, 59.418077], [18.303396, 59.420233], [18.304128, 59.423814], [18.302908, 59.426622], [18.305919, 59.432603], [18.304128, 59.435045], [18.308767, 59.43887], [18.316742, 59.442776], [18.329438, 59.440619]]], [[[18.410411, 60.512559], [18.398367, 60.511094], [18.372162, 60.516995], [18.36085, 60.521389], [18.361827, 60.52383], [18.374522, 60.528957], [18.389496, 60.531806], [18.399262, 60.531602], [18.405203, 60.5303], [18.408865, 60.525417], [18.411713, 60.516913], [18.413666, 60.514757], [18.410411, 60.512559]]], [[[17.299327, 60.795559], [17.30071, 60.800564], [17.304373, 60.804714], [17.31186, 60.807074], [17.326915, 60.80626], [17.334402, 60.8015], [17.337738, 60.798082], [17.355072, 60.796658], [17.356456, 60.793809], [17.350515, 60.790188], [17.334158, 60.786322], [17.326671, 60.786322], [17.319509, 60.788275], [17.30421, 60.784776], [17.301117, 60.78974], [17.299327, 60.795559]]], [[[17.238455, 61.024685], [17.217459, 61.027004], [17.206391, 61.031724], [17.207774, 61.036444], [17.213959, 61.043769], [17.222992, 61.050889], [17.231049, 61.053371], [17.238048, 61.052761], [17.244477, 61.050279], [17.249522, 61.048204], [17.254242, 61.04442], [17.253917, 61.038601], [17.249848, 61.036119], [17.246186, 61.035102], [17.245291, 61.031846], [17.246837, 61.028591], [17.248871, 61.02619], [17.238455, 61.024685]]], [[[17.274390391881084, 61.566429238190565], [17.270133358263458, 61.56404968851716], [17.265664752535766, 61.5620961904444], [17.261619382075104, 61.56078003165465], [17.261241, 61.561713], [17.263194, 61.56623], [17.266368, 61.568956], [17.267263, 61.574164], [17.271495, 61.577175], [17.28483924860249, 61.57519582722251], [17.282110138074465, 61.57237209974581], [17.278395352665783, 61.56921220081748], [17.274390391881084, 61.566429238190565]]], [[[17.521251, 61.719143], [17.525157, 61.728746], [17.545421, 61.730902], [17.556244, 61.724392], [17.553722, 61.722073], [17.54892, 61.722398], [17.544281, 61.721747], [17.540457, 61.719631], [17.538748, 61.715603], [17.533051, 61.714219], [17.521251, 61.719143]]], [[[17.479690098080667, 61.957168874206005], [17.478333842753724, 61.956603790965644], [17.47991, 61.959459], [17.48325569129566, 61.958867606702455], [17.479690098080667, 61.957168874206005]]], [[[17.691817876069724, 62.20088465932904], [17.688618383886546, 62.19723848335313], [17.68741766658981, 62.196112023824945], [17.683523, 62.209866], [17.689382, 62.221259], [17.702435229716226, 62.22721248707731], [17.70181360903352, 62.2227333971092], [17.700684304950215, 62.218015768280544], [17.69910315843643, 62.21342977600194], [17.697085052096636, 62.20901858610818], [17.694648981437062, 62.204823719099664], [17.691817876069724, 62.20088465932904]]], [[[24.043793, 65.798529], [24.053233, 65.796047], [24.028819, 65.790107], [23.980154, 65.794867], [23.957042, 65.78913], [23.951427, 65.783108], [23.943858, 65.766547], [23.936534, 65.761217], [23.926443, 65.760403], [23.918142, 65.76317], [23.91033, 65.766913], [23.894542, 65.770006], [23.885427, 65.773627], [23.877696, 65.778998], [23.87436, 65.785793], [23.871837, 65.794867], [23.865733, 65.794867], [23.854666, 65.78913], [23.805675, 65.789455], [23.781749, 65.793036], [23.771495, 65.805976], [23.761974, 65.822252], [23.739431, 65.829291], [23.690196, 65.830146], [23.674978, 65.825385], [23.649262, 65.803046], [23.635509, 65.796047], [23.623302, 65.79621], [23.616222, 65.80093], [23.611664, 65.806464], [23.607595, 65.809719], [23.528005, 65.810004], [23.484141, 65.815863], [23.490571, 65.829779], [23.483572, 65.834377], [23.470063, 65.833319], [23.457367, 65.830146], [23.458181, 65.828437], [23.449962, 65.815863], [23.443126, 65.81269], [23.436209, 65.811347], [23.428966, 65.808783], [23.422048, 65.802232], [23.433279, 65.797797], [23.437836, 65.792304], [23.438243, 65.78498], [23.43629, 65.774888], [23.433442, 65.766669], [23.428477, 65.765326], [23.418793, 65.767239], [23.401866, 65.768704], [23.38502, 65.775214], [23.374278, 65.790432], [23.370453, 65.808336], [23.374278, 65.822699], [23.352794, 65.821357], [23.338064, 65.813056], [23.325857, 65.802924], [23.312185, 65.796047], [23.289724, 65.795844], [23.268809, 65.803127], [23.230235, 65.822699], [23.21339, 65.827053], [23.195974, 65.826972], [23.183767, 65.819648], [23.182384, 65.802232], [23.190766, 65.789862], [23.20574, 65.781317], [23.237641, 65.768704], [23.221934, 65.763617], [23.158458, 65.75023], [23.148204, 65.745592], [23.128429, 65.733954], [23.129568, 65.715033], [23.103038, 65.704657], [23.078787, 65.707221], [23.086762, 65.727729], [23.058116, 65.755072], [23.045909, 65.761217], [22.989757, 65.764309], [22.944021, 65.775336], [22.936046, 65.778632], [22.914887, 65.796047], [22.901052, 65.798651], [22.877696, 65.794867], [22.860199, 65.796047], [22.837169, 65.807685], [22.805919, 65.848578], [22.785167, 65.864325], [22.673025, 65.905707], [22.653005, 65.908393], [22.634288, 65.905219], [22.646983, 65.895087], [22.672537, 65.881781], [22.68214, 65.87108], [22.685313, 65.862494], [22.688975, 65.836982], [22.693044, 65.82392], [22.69752, 65.814195], [22.699718, 65.803941], [22.696462, 65.78913], [22.688731, 65.775621], [22.677582, 65.764716], [22.663748, 65.757514], [22.648123, 65.755072], [22.653005, 65.778062], [22.62794, 65.790351], [22.569835, 65.796047], [22.556, 65.792141], [22.522716, 65.776435], [22.511485, 65.774888], [22.505544, 65.783596], [22.511567, 65.794664], [22.522797, 65.804592], [22.531993, 65.809719], [22.518403, 65.822659], [22.503591, 65.831], [22.4699, 65.843207], [22.472423, 65.846869], [22.477306, 65.856879], [22.405528, 65.863918], [22.370128, 65.861721], [22.367442, 65.843207], [22.325938, 65.836982], [22.367442, 65.809719], [22.364513, 65.797797], [22.351248, 65.796536], [22.319102, 65.802232], [22.330577, 65.792914], [22.345551, 65.771308], [22.360606, 65.761217], [22.32602, 65.7355], [22.285492, 65.743394], [22.24464, 65.76024], [22.209239, 65.761217], [22.230235, 65.745307], [22.249848, 65.735745], [22.273285, 65.730536], [22.339529, 65.724189], [22.361827, 65.716254], [22.376638, 65.700263], [22.38795, 65.672512], [22.375255, 65.673529], [22.362804, 65.672919], [22.350841, 65.670233], [22.33961, 65.665025], [22.329438, 65.689276], [22.307872, 65.700832], [22.281505, 65.701483], [22.257579, 65.69302], [22.26531, 65.687893], [22.268077, 65.68122], [22.265473, 65.673529], [22.257579, 65.665025], [22.26531, 65.659491], [22.272227, 65.651028], [22.284923, 65.631537], [22.262055, 65.625556], [22.18922, 65.624091], [22.262706, 65.611762], [22.300629, 65.611518], [22.319102, 65.631537], [22.314138, 65.641791], [22.289561, 65.655707], [22.284923, 65.665025], [22.293142, 65.673651], [22.308604, 65.669379], [22.324392, 65.659573], [22.333344, 65.651353], [22.325938, 65.645209], [22.380382, 65.634019], [22.384532, 65.627834], [22.340099, 65.61286], [22.333344, 65.604193], [22.343598, 65.595649], [22.365977, 65.588935], [22.404959, 65.583157], [22.411388, 65.579006], [22.41863, 65.569159], [22.428966, 65.548977], [22.405284, 65.541938], [22.386892, 65.550035], [22.369884, 65.562812], [22.350108, 65.569403], [22.320323, 65.571967], [22.298513, 65.57689], [22.274913, 65.587877], [22.263031, 65.589586], [22.250743, 65.583157], [22.256602, 65.569037], [22.228282, 65.572089], [22.126475, 65.603746], [22.05128, 65.617336], [22.021332, 65.634955], [22.006196, 65.641791], [21.963878, 65.646715], [21.929861, 65.663398], [21.867849, 65.672512], [21.852794, 65.67829], [21.843516, 65.683824], [21.822765, 65.702948], [21.809581, 65.710598], [21.778168, 65.719468], [21.764171, 65.727729], [21.787771, 65.686713], [21.847911, 65.660956], [21.970225, 65.631537], [22.052745, 65.597642], [22.118663, 65.583482], [22.132579, 65.578192], [22.147716, 65.569403], [22.170095, 65.553046], [22.18336, 65.54857], [22.202973, 65.548977], [22.176931, 65.539781], [22.12086, 65.539496], [22.09311, 65.535346], [22.083995, 65.531806], [22.082042, 65.529202], [22.081228, 65.525336], [22.075694, 65.51789], [22.065929, 65.514309], [22.056814, 65.518988], [22.047618, 65.52497], [22.038259, 65.525092], [22.011241, 65.517483], [21.874685, 65.536851], [21.853526, 65.535346], [21.900238, 65.501288], [21.927908, 65.489447], [21.950369, 65.49494], [21.929861, 65.506049], [21.921723, 65.508002], [21.947113, 65.509426], [22.004568, 65.476874], [22.031586, 65.467027], [22.024099, 65.453192], [22.018891, 65.441311], [22.011729, 65.432034], [21.997569, 65.426093], [21.981212, 65.426825], [21.966075, 65.433743], [21.942231, 65.453355], [21.932302, 65.441352], [21.935883, 65.431057], [21.942882, 65.421536], [21.942231, 65.411811], [21.927745, 65.40412], [21.906993, 65.402777], [21.88852, 65.40766], [21.88087, 65.418647], [21.850922, 65.407538], [21.820974, 65.401028], [21.790212, 65.400092], [21.705903, 65.414496], [21.688324, 65.41234], [21.702647, 65.398139], [21.656098, 65.397162], [21.631114, 65.400051], [21.610037, 65.418647], [21.586681, 65.418199], [21.544444, 65.411811], [21.544444, 65.405585], [21.58546, 65.397528], [21.59962, 65.398139], [21.59962, 65.391913], [21.527517, 65.396796], [21.489106, 65.393378], [21.469981, 65.377631], [21.476085, 65.376451], [21.485037, 65.372382], [21.489757, 65.370836], [21.448904, 65.357164], [21.469737, 65.35456], [21.491547, 65.348293], [21.511567, 65.338609], [21.527354, 65.326117], [21.542979, 65.31859], [21.565684, 65.315863], [21.583995, 65.32095], [21.585948, 65.336656], [21.604747, 65.333726], [21.622325, 65.326483], [21.654307, 65.308783], [21.687022, 65.29682], [21.701671, 65.285875], [21.699229, 65.271552], [21.668142, 65.252753], [21.622813, 65.24079], [21.576996, 65.238105], [21.544444, 65.247301], [21.534434, 65.257514], [21.515961, 65.283393], [21.503429, 65.295722], [21.489594, 65.305487], [21.474294, 65.314032], [21.456391, 65.320136], [21.435557, 65.322455], [21.408946, 65.333197], [21.378429, 65.355048], [21.345551, 65.372789], [21.312266, 65.370836], [21.317719, 65.369534], [21.327322, 65.365546], [21.332774, 65.364], [21.319509, 65.351386], [21.277843, 65.350043], [21.264415, 65.336656], [21.391368, 65.321845], [21.42213, 65.308783], [21.48227, 65.260972], [21.537608, 65.230902], [21.609874, 65.16885], [21.618826, 65.148017], [21.599864, 65.139065], [21.544444, 65.137437], [21.55714, 65.131171], [21.562836, 65.122504], [21.562185, 65.112006], [21.543793, 65.083075], [21.549327, 65.077582], [21.565278, 65.075588], [21.585948, 65.069159], [21.563162, 65.061265], [21.479259, 65.062323], [21.467052, 65.055487], [21.477387, 65.040513], [21.494884, 65.026313], [21.503429, 65.02143], [21.472341, 65.009467], [21.463145, 65.007717], [21.452891, 65.009345], [21.43336, 65.01496], [21.42213, 65.014594], [21.42213, 65.012763], [21.420258, 65.008368], [21.417491, 65.003648], [21.414806, 65.000922], [21.397634, 64.994371], [21.383149, 64.986558], [21.379405, 64.977362], [21.394216, 64.966783], [21.377778, 64.960028], [21.256114, 64.956732], [21.243419, 64.953111], [21.241466, 64.94538], [21.247325, 64.939521], [21.252208, 64.932563], [21.246837, 64.92178], [21.238943, 64.914537], [21.227875, 64.906562], [21.21518, 64.900336], [21.202403, 64.898505], [21.212576, 64.871975], [21.192882, 64.861151], [21.172699, 64.85342], [21.181326, 64.835842], [21.165294, 64.82982], [21.13087, 64.823472], [21.113048, 64.82274], [21.097341, 64.827541], [21.091482, 64.838365], [21.089529, 64.850084], [21.085216, 64.857571], [21.069102, 64.860745], [21.053559, 64.856676], [21.042003, 64.846869], [21.037364, 64.832709], [21.042328, 64.819892], [21.054698, 64.814439], [21.085216, 64.809149], [21.081065, 64.798733], [21.078949, 64.794867], [21.097179, 64.785305], [21.115001, 64.78144], [21.153982, 64.781195], [21.21754, 64.789252], [21.281261, 64.77676], [21.305837, 64.768297], [21.312266, 64.753852], [21.29949, 64.748847], [21.248302, 64.7508], [21.229177, 64.747707], [21.246267, 64.730862], [21.267263, 64.717515], [21.312266, 64.699286], [21.312266, 64.69245], [21.295746, 64.692084], [21.288748, 64.686835], [21.291352, 64.679348], [21.304942, 64.671942], [21.304942, 64.665717], [21.278656, 64.670885], [21.231293, 64.693996], [21.205821, 64.699286], [21.184825, 64.706732], [21.164887, 64.721584], [21.143891, 64.732978], [21.119884, 64.729682], [21.109141, 64.716376], [21.111176, 64.699368], [21.122732, 64.683051], [21.140391, 64.671942], [21.168224, 64.667873], [21.201671, 64.666571], [21.231944, 64.661078], [21.250255, 64.643988], [21.2317, 64.642646], [21.232188, 64.633002], [21.245128, 64.622016], [21.263845, 64.616645], [21.285411, 64.616156], [21.295095, 64.614325], [21.304942, 64.6105], [21.310232, 64.605658], [21.318858, 64.592678], [21.322276, 64.590033], [21.330251, 64.586859], [21.343923, 64.572699], [21.353282, 64.569525], [21.362804, 64.572211], [21.365408, 64.577623], [21.363536, 64.582343], [21.360118, 64.582587], [21.366954, 64.594794], [21.368337, 64.604234], [21.374034, 64.607978], [21.394216, 64.603013], [21.414806, 64.589667], [21.437266, 64.571112], [21.455577, 64.562486], [21.467296, 64.587348], [21.47641, 64.58747], [21.485606, 64.583441], [21.489757, 64.579169], [21.489757, 64.555854], [21.501231, 64.544176], [21.515147, 64.537095], [21.531912, 64.534125], [21.551931, 64.534735], [21.539399, 64.528144], [21.525564, 64.522895], [21.510997, 64.520941], [21.496593, 64.524563], [21.470958, 64.544989], [21.463145, 64.548407], [21.414561, 64.529364], [21.386567, 64.521715], [21.374278, 64.531399], [21.37143, 64.538316], [21.364594, 64.541693], [21.356619, 64.541571], [21.349864, 64.538153], [21.347341, 64.531968], [21.353201, 64.529527], [21.366954, 64.527981], [21.386078, 64.510321], [21.399181, 64.505194], [21.411632, 64.511176], [21.422537, 64.514635], [21.463227, 64.516995], [21.476085, 64.51496], [21.479666, 64.510647], [21.487559, 64.494086], [21.489757, 64.487006], [21.477712, 64.471666], [21.479666, 64.460842], [21.491954, 64.454332], [21.510509, 64.452216], [21.519867, 64.45539], [21.531016, 64.46955], [21.537608, 64.472724], [21.558279, 64.470404], [21.578624, 64.465888], [21.572439, 64.48017], [21.585948, 64.48017], [21.597667, 64.475165], [21.605317, 64.465644], [21.606456, 64.452216], [21.600108, 64.44245], [21.588634, 64.441107], [21.575206, 64.441107], [21.561778, 64.435126], [21.550548, 64.428412], [21.525727, 64.42178], [21.513927, 64.4147], [21.457286, 64.371649], [21.416759, 64.353095], [21.397634, 64.33983], [21.37322, 64.33039], [21.351817, 64.340074], [21.333507, 64.35578], [21.318533, 64.364081], [21.322765, 64.35517], [21.324229, 64.346625], [21.322765, 64.338121], [21.318533, 64.329332], [21.324962, 64.326239], [21.327647, 64.322943], [21.329356, 64.319241], [21.332774, 64.315009], [21.316417, 64.312079], [21.287771, 64.302314], [21.270681, 64.301418], [21.256358, 64.305121], [21.250255, 64.308661], [21.243907, 64.307074], [21.117035, 64.221137], [21.113048, 64.219428], [21.082693, 64.225491], [21.078949, 64.226874], [21.070323, 64.221747], [21.044688, 64.191555], [20.966563, 64.1494], [20.948497, 64.130072], [20.960785, 64.11286], [20.954275, 64.094794], [20.914806, 64.056952], [20.912364, 64.052924], [20.911469, 64.047593], [20.907563, 64.035102], [20.910004, 64.037095], [20.912283, 64.033515], [20.913829, 64.027899], [20.914399, 64.024237], [20.912608, 64.021064], [20.908702, 64.020453], [20.904307, 64.019192], [20.901378, 64.014065], [20.899913, 63.993964], [20.896983, 63.98371], [20.890473, 63.979234], [20.878754, 63.977118], [20.87086, 63.972398], [20.865977, 63.967719], [20.863292, 63.965562], [20.841482, 63.959418], [20.824962, 63.944729], [20.805186, 63.910956], [20.786469, 63.878607], [20.777192, 63.869371], [20.72934, 63.849555], [20.684744, 63.848456], [20.674815, 63.842719], [20.669932, 63.829088], [20.677908, 63.822577], [20.692882, 63.82099], [20.708995, 63.822211], [20.687511, 63.798733], [20.674653, 63.789252], [20.664317, 63.791205], [20.643077, 63.814521], [20.630219, 63.820868], [20.612641, 63.822211], [20.564952, 63.798326], [20.561778, 63.785224], [20.553559, 63.777045], [20.542654, 63.775336], [20.530935, 63.781236], [20.540863, 63.791693], [20.538748, 63.800767], [20.529307, 63.808783], [20.50766, 63.821031], [20.503429, 63.822008], [20.455821, 63.772203], [20.43686, 63.761176], [20.413585, 63.767564], [20.4192, 63.759345], [20.418468, 63.754218], [20.415294, 63.749091], [20.413585, 63.740302], [20.420584, 63.718451], [20.421072, 63.712348], [20.41505, 63.701117], [20.40561, 63.689846], [20.394298, 63.681098], [20.383067, 63.677639], [20.364919, 63.680732], [20.354747, 63.689154], [20.353526, 63.701402], [20.362315, 63.716051], [20.361664, 63.725491], [20.352387, 63.738715], [20.338878, 63.750149], [20.32545, 63.753974], [20.316661, 63.740058], [20.318126, 63.679023], [20.307953, 63.654364], [20.295177, 63.652248], [20.279307, 63.659247], [20.267589, 63.6706], [20.266938, 63.681342], [20.275238, 63.692694], [20.282563, 63.706692], [20.286632, 63.720771], [20.284434, 63.732856], [20.264903, 63.719713], [20.246104, 63.698228], [20.236013, 63.67357], [20.242849, 63.650865], [20.219412, 63.653388], [20.153494, 63.650865], [20.14324, 63.648505], [20.131602, 63.644232], [20.119884, 63.642483], [20.109141, 63.647447], [20.102306, 63.657294], [20.098399, 63.661566], [20.092052, 63.664537], [20.073578, 63.666246], [20.053477, 63.663398], [20.034516, 63.656806], [20.02003, 63.647447], [20.011078, 63.634101], [20.013438, 63.62287], [20.030528, 63.602484], [19.952322, 63.619289], [19.937755, 63.619859], [19.923106, 63.612372], [19.886974, 63.603095], [19.879731, 63.599066], [19.864431, 63.573188], [19.828136, 63.555569], [19.786306, 63.541002], [19.753184, 63.524319], [19.750336, 63.514228], [19.766856, 63.487616], [19.772472, 63.464586], [19.768891, 63.460761], [19.744802, 63.457261], [19.735606, 63.452948], [19.722667, 63.444892], [19.699474, 63.433743], [19.687348, 63.431342], [19.639496, 63.444892], [19.636485, 63.459133], [19.64031, 63.469794], [19.637055, 63.478339], [19.612966, 63.485826], [19.615408, 63.489691], [19.617524, 63.496568], [19.619151, 63.500067], [19.605724, 63.504055], [19.578624, 63.521186], [19.526378, 63.530504], [19.51295, 63.537584], [19.492524, 63.552802], [19.470225, 63.561469], [19.4463, 63.560858], [19.420421, 63.548529], [19.431488, 63.542792], [19.443126, 63.538886], [19.468761, 63.534247], [19.4546, 63.508938], [19.467052, 63.500881], [19.493988, 63.497382], [19.523448, 63.485826], [19.495616, 63.476711], [19.481619, 63.473822], [19.465099, 63.472805], [19.461436, 63.46894], [19.471365, 63.460395], [19.511729, 63.433336], [19.515391, 63.426256], [19.516612, 63.41474], [19.507986, 63.411851], [19.488292, 63.417182], [19.4546, 63.43122], [19.372569, 63.47956], [19.346202, 63.485907], [19.345225, 63.477607], [19.372569, 63.444892], [19.35141, 63.440009], [19.33074, 63.44831], [19.311209, 63.460435], [19.293224, 63.466539], [19.280772, 63.459418], [19.276134, 63.442694], [19.276541, 63.40762], [19.275401, 63.398017], [19.270681, 63.381781], [19.269542, 63.37287], [19.269542, 63.342475], [19.259288, 63.329047], [19.245453, 63.322333], [19.233653, 63.32567], [19.229259, 63.342475], [19.20753, 63.326117], [19.156586, 63.319037], [19.133067, 63.308295], [19.139171, 63.305609], [19.153494, 63.294013], [19.141856, 63.287421], [19.123302, 63.264146], [19.11199, 63.253079], [19.133067, 63.253079], [19.11671, 63.23664], [19.097179, 63.23786], [19.057384, 63.260484], [19.039887, 63.238959], [19.056407, 63.226508], [19.086925, 63.220852], [19.11199, 63.21955], [19.104177, 63.207831], [19.092784, 63.20661], [19.080089, 63.207506], [19.067882, 63.202135], [19.06129, 63.192043], [19.058604, 63.183905], [19.052745, 63.17886], [19.036794, 63.177924], [19.032481, 63.182034], [19.004405, 63.199612], [18.999034, 63.202135], [18.990977, 63.208441], [18.970876, 63.218329], [18.961762, 63.225775], [18.966563, 63.238918], [18.955089, 63.245836], [18.937511, 63.250556], [18.923839, 63.256781], [18.906749, 63.267076], [18.885997, 63.272528], [18.872895, 63.269192], [18.879161, 63.253079], [18.866059, 63.249905], [18.810313, 63.260484], [18.769054, 63.262152], [18.75115, 63.259467], [18.735199, 63.253079], [18.755626, 63.242743], [18.913341, 63.212063], [18.894379, 63.197821], [18.862641, 63.192043], [18.796641, 63.191596], [18.801117, 63.181708], [18.803477, 63.177924], [18.787283, 63.168036], [18.773123, 63.168769], [18.760427, 63.177558], [18.755626, 63.191596], [18.75294, 63.207668], [18.774425, 63.211859], [18.823904, 63.212063], [18.823904, 63.21955], [18.729015, 63.232001], [18.70045, 63.225775], [18.714122, 63.219224], [18.7199, 63.211005], [18.722504, 63.201483], [18.727794, 63.191596], [18.750173, 63.166083], [18.755626, 63.157457], [18.611339, 63.1789], [18.564464, 63.177924], [18.564464, 63.171129], [18.585623, 63.170722], [18.608653, 63.165351], [18.629161, 63.156724], [18.643077, 63.146918], [18.651541, 63.135891], [18.657074, 63.123725], [18.654633, 63.113715], [18.639659, 63.109687], [18.618907, 63.113756], [18.598888, 63.121243], [18.578624, 63.124498], [18.556977, 63.116523], [18.549653, 63.107082], [18.545421, 63.095771], [18.538422, 63.084662], [18.52296, 63.075507], [18.556977, 63.075507], [18.512706, 63.05744], [18.499034, 63.05508], [18.492931, 63.049628], [18.486583, 63.025702], [18.478201, 63.02025], [18.467947, 63.023668], [18.434093, 63.047553], [18.419281, 63.053127], [18.403819, 63.05565], [18.387869, 63.054185], [18.372081, 63.047553], [18.404796, 63.035468], [18.421886, 63.026923], [18.434093, 63.014106], [18.368337, 63.02025], [18.365489, 63.022406], [18.356619, 63.033026], [18.351573, 63.037055], [18.34311, 63.039537], [18.340668, 63.036078], [18.340343, 63.030585], [18.337901, 63.027086], [18.339122, 63.02558], [18.324229, 63.014106], [18.299815, 63.006659], [18.24171, 62.999823], [18.266449, 62.990302], [18.524425, 62.991889], [18.551117, 62.985907], [18.570649, 62.97309], [18.576671, 62.958401], [18.568044, 62.953437], [18.554047, 62.958401], [18.543956, 62.97309], [18.536632, 62.97309], [18.528087, 62.953803], [18.504893, 62.949205], [18.476899, 62.953111], [18.418142, 62.969306], [18.403331, 62.96483], [18.392589, 62.945217], [18.439626, 62.928168], [18.4546, 62.92475], [18.491059, 62.93122], [18.510997, 62.93244], [18.52296, 62.92475], [18.512543, 62.90412], [18.472341, 62.901679], [18.400076, 62.911078], [18.41505, 62.897162], [18.46339, 62.8876], [18.474457, 62.876899], [18.471365, 62.867743], [18.462576, 62.861151], [18.451345, 62.857123], [18.426931, 62.854071], [18.417817, 62.850165], [18.410004, 62.845404], [18.400076, 62.841539], [18.377615, 62.836737], [18.366384, 62.836249], [18.347179, 62.839667], [18.331065, 62.840074], [18.324229, 62.841539], [18.320974, 62.844672], [18.318858, 62.849311], [18.316905, 62.85578], [18.284434, 62.876288], [18.268321, 62.88349], [18.248546, 62.883734], [18.250987, 62.879788], [18.255382, 62.869452], [18.207042, 62.869452], [18.207042, 62.863227], [18.218028, 62.85932], [18.220225, 62.852281], [18.215668, 62.843899], [18.207042, 62.835354], [18.229259, 62.829535], [18.262218, 62.848293], [18.282725, 62.841539], [18.2588, 62.810614], [18.243663, 62.799018], [18.224376, 62.794379], [18.215099, 62.790107], [18.205577, 62.781968], [18.195079, 62.777411], [18.18336, 62.783515], [18.182872, 62.789984], [18.188162, 62.797756], [18.195567, 62.804429], [18.200857, 62.80801], [18.18629, 62.811672], [18.176931, 62.804104], [18.169119, 62.791449], [18.15919, 62.780097], [18.140473, 62.771918], [18.120372, 62.770575], [18.077322, 62.773871], [18.082042, 62.783271], [18.084727, 62.786933], [18.06837, 62.793891], [18.048839, 62.795803], [18.008962, 62.794379], [18.034028, 62.811469], [18.12143, 62.805813], [18.146169, 62.822252], [18.104177, 62.830959], [18.084321, 62.837348], [18.071056, 62.848944], [18.073497, 62.85106], [18.074474, 62.8522], [18.075206, 62.853339], [18.077322, 62.85578], [18.054698, 62.852851], [18.020274, 62.841254], [17.988617, 62.825914], [17.974864, 62.811469], [17.967784, 62.807807], [17.951671, 62.810981], [17.935313, 62.817043], [17.926443, 62.822252], [17.924327, 62.831122], [17.926443, 62.86636], [17.92449, 62.86933], [17.91505, 62.878323], [17.912771, 62.883734], [17.914724, 62.888739], [17.924164, 62.897284], [17.926443, 62.900539], [17.921397, 62.915717], [17.909353, 62.915758], [17.893728, 62.910834], [17.878673, 62.911078], [17.872081, 62.918443], [17.854503, 62.955146], [17.845714, 62.963609], [17.83546, 62.970282], [17.823497, 62.975409], [17.809744, 62.979315], [17.816905, 62.983832], [17.830821, 62.999823], [17.808604, 62.998358], [17.777192, 62.983344], [17.761974, 62.979315], [17.7435, 62.983588], [17.726899, 62.992418], [17.710785, 62.998236], [17.693614, 62.993598], [17.817556, 62.942328], [17.847667, 62.921291], [17.865896, 62.901923], [17.889659, 62.870185], [17.901866, 62.839301], [17.885509, 62.822252], [17.885509, 62.814846], [17.929047, 62.800523], [17.940684, 62.794379], [17.952891, 62.785956], [17.956798, 62.782538], [17.954926, 62.763332], [17.962413, 62.752143], [17.995372, 62.727729], [18.002696, 62.70897], [18.000173, 62.697821], [17.990896, 62.680813], [17.991954, 62.674547], [17.997325, 62.664862], [17.993419, 62.659898], [17.984386, 62.657904], [17.974864, 62.657172], [17.967784, 62.659125], [17.944835, 62.668647], [17.933604, 62.670844], [17.871837, 62.670844], [17.891612, 62.658026], [18.043224, 62.626166], [18.044119, 62.61518], [18.047699, 62.606635], [18.05421, 62.600287], [18.06422, 62.595771], [18.042491, 62.592108], [17.968272, 62.560492], [17.962169, 62.563625], [17.960704, 62.575995], [17.95281, 62.605699], [17.95338, 62.611762], [17.950369, 62.614814], [17.937022, 62.615627], [17.930675, 62.612372], [17.925792, 62.604722], [17.914887, 62.573228], [17.913341, 62.564927], [17.912771, 62.557563], [17.909353, 62.549384], [17.900645, 62.545722], [17.878673, 62.541083], [17.892833, 62.527493], [17.861664, 62.5008], [17.84311, 62.489691], [17.823497, 62.485826], [17.812511, 62.489447], [17.795421, 62.502834], [17.786143, 62.505764], [17.73463, 62.505764], [17.693044, 62.497748], [17.671235, 62.489447], [17.658946, 62.47842], [17.659679, 62.461371], [17.676036, 62.455308], [17.696056, 62.450588], [17.707367, 62.437445], [17.576345, 62.440334], [17.561778, 62.443752], [17.549978, 62.44831], [17.531505, 62.462714], [17.526134, 62.464789], [17.481456, 62.505764], [17.437999, 62.53677], [17.426768, 62.541083], [17.406098, 62.53559], [17.395518, 62.511298], [17.378673, 62.505764], [17.358572, 62.503974], [17.341482, 62.498114], [17.330821, 62.487738], [17.330577, 62.472235], [17.375011, 62.437445], [17.377452, 62.433905], [17.379242, 62.425767], [17.379731, 62.416815], [17.378429, 62.410793], [17.370942, 62.406236], [17.359386, 62.403957], [17.347016, 62.403306], [17.337413, 62.403957], [17.348888, 62.398017], [17.360525, 62.389594], [17.366466, 62.378892], [17.361176, 62.366116], [17.360037, 62.355658], [17.368012, 62.343085], [17.380626, 62.332668], [17.392751, 62.328274], [17.424001, 62.331732], [17.437836, 62.330268], [17.454112, 62.321438], [17.461925, 62.312567], [17.468761, 62.301947], [17.476817, 62.292304], [17.488292, 62.286607], [17.488292, 62.280463], [17.478852, 62.280748], [17.472667, 62.27912], [17.460216, 62.273017], [17.54656, 62.249091], [17.566661, 62.253892], [17.599376, 62.249579], [17.632091, 62.240668], [17.65268, 62.232001], [17.569509, 62.204739], [17.544444, 62.201606], [17.541759, 62.206366], [17.569509, 62.232001], [17.552989, 62.23725], [17.534923, 62.235012], [17.519054, 62.227932], [17.508637, 62.218411], [17.504161, 62.203681], [17.505382, 62.187445], [17.508067, 62.173082], [17.508637, 62.163764], [17.501638, 62.150621], [17.498546, 62.147569], [17.481619, 62.130439], [17.474457, 62.116604], [17.472423, 62.096829], [17.473155, 62.084662], [17.467621, 62.076361], [17.447276, 62.068183], [17.469005, 62.062161], [17.459239, 62.048651], [17.426117, 62.026557], [17.437836, 62.021552], [17.452647, 62.012274], [17.46046, 62.003323], [17.450694, 61.999254], [17.402843, 61.995592], [17.3921, 61.992418], [17.386485, 61.982082], [17.388682, 61.970852], [17.385997, 61.961982], [17.364594, 61.958319], [17.354747, 61.955308], [17.348155, 61.947577], [17.344574, 61.936672], [17.344249, 61.92414], [17.348155, 61.911566], [17.361827, 61.893948], [17.364594, 61.886298], [17.361501, 61.879706], [17.347341, 61.874498], [17.344249, 61.869574], [17.343516, 61.871283], [17.342621, 61.863756], [17.342621, 61.855658], [17.344249, 61.855862], [17.346934, 61.855129], [17.351817, 61.852525], [17.35377, 61.847317], [17.347667, 61.838528], [17.342621, 61.83393], [17.338634, 61.829006], [17.337413, 61.823676], [17.340831, 61.818061], [17.353689, 61.814032], [17.40561, 61.821112], [17.400727, 61.811591], [17.392914, 61.805243], [17.383067, 61.801703], [17.371593, 61.800605], [17.371593, 61.793158], [17.388357, 61.788316], [17.390636, 61.777086], [17.387055, 61.762152], [17.385916, 61.746039], [17.391124, 61.727729], [17.399181, 61.722357], [17.448253, 61.728502], [17.465587, 61.733547], [17.483084, 61.734565], [17.501964, 61.725531], [17.514171, 61.713813], [17.520274, 61.702379], [17.52003, 61.69123], [17.512055, 61.680243], [17.505626, 61.66706], [17.502452, 61.649848], [17.496349, 61.635077], [17.481456, 61.62873], [17.461599, 61.629625], [17.446137, 61.63288], [17.432872, 61.63939], [17.419932, 61.649848], [17.383311, 61.692694], [17.362315, 61.709133], [17.330577, 61.718085], [17.332286, 61.705024], [17.337413, 61.695136], [17.350922, 61.677151], [17.313162, 61.681952], [17.299815, 61.689927], [17.303233, 61.705064], [17.266612, 61.721625], [17.224294, 61.72724], [17.138031, 61.725531], [17.150401, 61.714301], [17.165701, 61.710395], [17.199962, 61.711249], [17.268565, 61.690823], [17.259776, 61.67414], [17.228689, 61.663072], [17.191905, 61.657416], [17.166189, 61.656684], [17.166189, 61.649848], [17.173839, 61.648871], [17.19337, 61.64232], [17.164806, 61.63642], [17.118907, 61.645819], [17.097179, 61.636135], [17.225597, 61.622016], [17.247895, 61.608832], [17.225922, 61.602851], [17.208507, 61.60456], [17.172374, 61.615668], [17.150727, 61.617906], [17.083507, 61.615668], [17.083507, 61.608832], [17.119151, 61.609687], [17.134939, 61.605943], [17.145681, 61.595201], [17.102875, 61.585028], [17.056326, 61.58218], [17.082367, 61.571275], [17.186534, 61.561021], [17.186534, 61.554185], [17.090343, 61.556057], [17.080089, 61.550482], [17.089041, 61.545356], [17.111583, 61.541449], [17.130138, 61.532701], [17.155528, 61.529527], [17.166189, 61.526923], [17.166189, 61.519477], [17.124522, 61.519477], [17.124522, 61.513251], [17.163748, 61.504055], [17.172374, 61.498969], [17.177013, 61.486884], [17.17156, 61.480414], [17.161306, 61.474595], [17.151866, 61.46483], [17.157481, 61.456285], [17.161469, 61.447984], [17.169281, 61.441107], [17.179698, 61.436957], [17.192556, 61.436998], [17.198741, 61.442084], [17.204112, 61.448228], [17.213552, 61.451158], [17.220388, 61.447984], [17.221446, 61.440985], [17.217052, 61.433905], [17.207042, 61.430732], [17.195486, 61.429877], [17.184581, 61.427314], [17.174815, 61.422838], [17.166189, 61.416409], [17.158702, 61.42414], [17.147227, 61.433539], [17.136567, 61.437079], [17.127615, 61.41828], [17.108409, 61.409369], [17.104015, 61.399359], [17.109141, 61.393622], [17.138031, 61.369289], [17.167003, 61.35578], [17.200206, 61.348131], [17.201834, 61.337104], [17.276052, 61.314032], [17.246104, 61.310289], [17.213715, 61.313422], [17.151866, 61.328315], [17.16627, 61.308417], [17.193126, 61.299262], [17.223399, 61.294379], [17.247895, 61.287299], [17.205089, 61.28852], [17.187266, 61.291205], [17.135102, 61.316107], [17.118419, 61.319648], [17.097179, 61.320868], [17.097179, 61.314032], [17.121349, 61.308173], [17.151541, 61.293891], [17.180349, 61.276028], [17.200206, 61.259426], [17.212738, 61.235297], [17.197113, 61.226304], [17.170909, 61.220038], [17.151866, 61.204169], [17.186534, 61.191107], [17.181651, 61.165961], [17.174327, 61.15766], [17.158702, 61.149563], [17.178966, 61.135972], [17.182791, 61.123236], [17.171397, 61.115058], [17.145681, 61.114732], [17.156749, 61.111762], [17.183849, 61.111558], [17.19337, 61.108588], [17.19809, 61.102688], [17.19988, 61.095893], [17.19752, 61.090399], [17.189952, 61.08808], [17.181163, 61.083686], [17.173839, 61.072903], [17.168712, 61.059312], [17.166189, 61.046536], [17.169688, 61.042467], [17.177257, 61.037177], [17.186534, 61.032864], [17.165538, 61.022284], [17.158702, 61.019843], [17.211436, 61.023871], [17.23585, 61.022284], [17.247895, 61.012356], [17.188243, 61.004584], [17.167735, 60.992174], [17.158702, 60.964545], [17.157481, 60.952379], [17.158214, 60.948432], [17.179698, 60.937242], [17.197439, 60.936225], [17.205089, 60.933905], [17.202403, 60.921536], [17.205089, 60.9147], [17.213878, 60.902533], [17.216807, 60.899359], [17.232921, 60.904608], [17.24171, 60.902533], [17.246267, 60.898017], [17.282237, 60.84101], [17.274099, 60.839748], [17.265147, 60.836982], [17.258067, 60.83275], [17.255544, 60.827379], [17.259288, 60.81566], [17.266612, 60.815172], [17.275076, 60.817206], [17.282237, 60.813137], [17.284841, 60.799994], [17.282237, 60.78974], [17.283051, 60.781155], [17.296397, 60.772773], [17.31544, 60.769721], [17.330821, 60.770331], [17.335704, 60.766913], [17.323741, 60.752346], [17.311534, 60.745266], [17.279145, 60.736274], [17.252208, 60.720038], [17.214692, 60.706244], [17.191173, 60.701728], [17.18629, 60.697089], [17.186697, 60.692369], [17.19337, 60.690172], [17.205251, 60.691352], [17.22755, 60.696479], [17.238048, 60.697699], [17.257986, 60.694403], [17.278005, 60.679877], [17.310232, 60.673041], [17.364594, 60.649237], [17.323741, 60.635647], [17.323741, 60.62873], [17.339529, 60.622992], [17.359874, 60.621487], [17.376638, 60.623887], [17.380219, 60.624416], [17.395763, 60.632229], [17.413829, 60.637926], [17.54713, 60.649156], [17.574962, 60.647895], [17.594086, 60.63935], [17.608409, 60.630439], [17.645518, 60.618598], [17.658946, 60.608303], [17.646739, 60.599555], [17.611095, 60.588528], [17.60377, 60.584133], [17.606944, 60.569525], [17.62143, 60.547065], [17.624766, 60.536322], [17.638194, 60.515448], [17.670584, 60.504096], [17.741466, 60.49844], [17.741466, 60.505845], [17.727061, 60.534735], [17.762218, 60.5633], [17.816091, 60.585273], [17.91863, 60.600165], [17.948741, 60.599189], [17.974864, 60.587836], [17.995372, 60.553046], [17.9935, 60.54092], [17.987641, 60.530748], [17.978689, 60.523342], [17.967459, 60.518948], [17.967459, 60.512112], [17.993419, 60.510932], [18.018321, 60.502265], [18.06422, 60.477973], [18.098399, 60.464911], [18.10255, 60.45893], [18.108735, 60.442532], [18.11199, 60.436957], [18.143321, 60.41356], [18.178722, 60.398912], [18.262218, 60.382392], [18.245372, 60.376899], [18.2199, 60.363674], [18.207042, 60.355048], [18.207042, 60.347602], [18.221202, 60.339057], [18.227875, 60.333808], [18.234874, 60.327094], [18.250662, 60.334052], [18.277517, 60.349351], [18.296397, 60.355048], [18.313487, 60.35692], [18.326345, 60.355536], [18.358409, 60.347602], [18.427989, 60.348782], [18.447765, 60.341376], [18.446625, 60.338365], [18.445811, 60.330227], [18.445974, 60.320705], [18.447765, 60.313463], [18.451996, 60.310248], [18.474457, 60.299791], [18.474457, 60.292955], [18.462087, 60.291246], [18.44988, 60.292426], [18.437999, 60.29206], [18.426768, 60.2862], [18.56544, 60.259345], [18.604828, 60.238349], [18.563731, 60.227607], [18.400564, 60.259589], [18.369151, 60.278998], [18.316905, 60.32095], [18.330903, 60.285712], [18.369884, 60.258612], [18.41505, 60.235093], [18.447765, 60.211086], [18.430675, 60.210354], [18.417247, 60.215766], [18.392589, 60.232164], [18.399669, 60.207831], [18.419932, 60.193508], [18.468272, 60.176337], [18.492931, 60.160793], [18.506114, 60.155748], [18.52296, 60.155829], [18.534923, 60.158881], [18.544119, 60.164252], [18.548025, 60.172309], [18.548513, 60.17414], [18.548106, 60.143866], [18.550141, 60.129096], [18.554535, 60.121405], [18.573416, 60.088202], [18.578136, 60.07392], [18.584321, 60.07392], [18.589854, 60.088853], [18.590831, 60.108303], [18.587169, 60.127509], [18.578136, 60.142157], [18.599376, 60.148261], [18.625743, 60.150824], [18.651378, 60.148261], [18.68572, 60.130805], [18.720714, 60.126044], [18.735199, 60.114814], [18.740001, 60.098619], [18.738292, 60.064114], [18.745128, 60.049709], [18.788829, 60.017564], [18.796641, 60.00495], [18.781505, 60.030829], [18.762543, 60.055976], [18.753103, 60.08218], [18.76588, 60.11107], [18.803477, 60.121649], [18.816905, 60.11758], [18.820486, 60.113674], [18.817638, 60.097805], [18.819591, 60.081], [18.824474, 60.068305], [18.868175, 59.99372], [18.903087, 59.947211], [18.92213, 59.934312], [18.965831, 59.926825], [18.98878, 59.919338], [19.005544, 59.911811], [19.009532, 59.90941], [19.01002, 59.906928], [19.008962, 59.898749], [19.009532, 59.896308], [19.024425, 59.884508], [19.032074, 59.881496], [19.04363, 59.882066], [19.041759, 59.886868], [19.038829, 59.898017], [19.036794, 59.902533], [19.054535, 59.900702], [19.071625, 59.896308], [19.068207, 59.881903], [19.066661, 59.841946], [19.067882, 59.833686], [19.034679, 59.835028], [19.021251, 59.840033], [18.949067, 59.89997], [18.916759, 59.921291], [18.885997, 59.929877], [18.896332, 59.91706], [18.930675, 59.885484], [18.935313, 59.868476], [18.924083, 59.852281], [18.861583, 59.803046], [18.843435, 59.795559], [18.820811, 59.79267], [18.777029, 59.79385], [18.754568, 59.791164], [18.738617, 59.782782], [18.733897, 59.768785], [18.751964, 59.768866], [18.789806, 59.779039], [19.042003, 59.78498], [19.085216, 59.772203], [19.074474, 59.749701], [19.057791, 59.736151], [19.035981, 59.728502], [18.975271, 59.719062], [18.956798, 59.719224], [18.941254, 59.723822], [18.931651, 59.731391], [18.920909, 59.746405], [18.913341, 59.751776], [18.901378, 59.734687], [18.879893, 59.721584], [18.855479, 59.71308], [18.781261, 59.701565], [18.757823, 59.691067], [18.755626, 59.676663], [18.719981, 59.675727], [18.714122, 59.673245], [18.712576, 59.664374], [18.708507, 59.657457], [18.701996, 59.652574], [18.693614, 59.649359], [18.742035, 59.649359], [18.735606, 59.641506], [18.723806, 59.63227], [18.71046, 59.624579], [18.70045, 59.621405], [18.690196, 59.624254], [18.681977, 59.630072], [18.672699, 59.635199], [18.660004, 59.635688], [18.679698, 59.616767], [18.686534, 59.60578], [18.677094, 59.600898], [18.664317, 59.597724], [18.639985, 59.583645], [18.597341, 59.574042], [18.540701, 59.545844], [18.48406, 59.53441], [18.457856, 59.521959], [18.413097, 59.491034], [18.379649, 59.476386], [18.344981, 59.47309], [18.269054, 59.477444], [18.269054, 59.470608], [18.303233, 59.456977], [18.289317, 59.450588], [18.262218, 59.45246], [18.248546, 59.4501], [18.266775, 59.44477], [18.282725, 59.436428], [18.276866, 59.422553], [18.293142, 59.414049], [18.317882, 59.409735], [18.337901, 59.408515], [18.307302, 59.396796], [18.247569, 59.397691], [18.188487, 59.407416], [18.15919, 59.422187], [18.170665, 59.426093], [18.182872, 59.428046], [18.195323, 59.427151], [18.207042, 59.422187], [18.203868, 59.430609], [18.199474, 59.450873], [18.194021, 59.456977], [18.181407, 59.458197], [18.15919, 59.447008], [18.145518, 59.443834], [18.137706, 59.446031], [18.126231, 59.455268], [18.118826, 59.456977], [18.113292, 59.454657], [18.101248, 59.445787], [18.094981, 59.443834], [18.084483, 59.438951], [18.084483, 59.427802], [18.090587, 59.41592], [18.098399, 59.408515], [18.06544, 59.397162], [18.053966, 59.395453], [18.042491, 59.397366], [18.020681, 59.406073], [18.008962, 59.408515], [18.146169, 59.340237], [18.110525, 59.336005], [18.095063, 59.338406], [18.095144, 59.326809], [18.172862, 59.326565], [18.196625, 59.334174], [18.207042, 59.332668], [18.214366, 59.31977], [18.220551, 59.31977], [18.254731, 59.362779], [18.318126, 59.375922], [18.389659, 59.369452], [18.447765, 59.353909], [18.442149, 59.350735], [18.43214, 59.343329], [18.426768, 59.340237], [18.456798, 59.335354], [18.470063, 59.337104], [18.481944, 59.347724], [18.454926, 59.381578], [18.447765, 59.395453], [18.495616, 59.395453], [18.455821, 59.409654], [18.437511, 59.419257], [18.426768, 59.436428], [18.48463, 59.434231], [18.510753, 59.428168], [18.536632, 59.415961], [18.538259, 59.412502], [18.542166, 59.399237], [18.543956, 59.395453], [18.612315, 59.374945], [18.600841, 59.362494], [18.583669, 59.362454], [18.563487, 59.366889], [18.543956, 59.36815], [18.56658, 59.361314], [18.601085, 59.35578], [18.632579, 59.34691], [18.646495, 59.330268], [18.638927, 59.31509], [18.619802, 59.308295], [18.567638, 59.306708], [18.551606, 59.304389], [18.535655, 59.300116], [18.519298, 59.298285], [18.502452, 59.302965], [18.490001, 59.307847], [18.461192, 59.312445], [18.447765, 59.312934], [18.364431, 59.306586], [18.337901, 59.312934], [18.339854, 59.317572], [18.342784, 59.329495], [18.344737, 59.334052], [18.32488, 59.334418], [18.307384, 59.330227], [18.29127, 59.322699], [18.27589, 59.312934], [18.288748, 59.308295], [18.300141, 59.301337], [18.309581, 59.293402], [18.316905, 59.28559], [18.316905, 59.278754], [18.283051, 59.278998], [18.27296, 59.274237], [18.279307, 59.261705], [18.337657, 59.244615], [18.361176, 59.24079], [18.388194, 59.230292], [18.412283, 59.215033], [18.426768, 59.196845], [18.335704, 59.235907], [18.313731, 59.234076], [18.313487, 59.222113], [18.329438, 59.214667], [18.350597, 59.210924], [18.365245, 59.209906], [18.372325, 59.203518], [18.377696, 59.19123], [18.387055, 59.183092], [18.406261, 59.189399], [18.402843, 59.185492], [18.400645, 59.182196], [18.397716, 59.179104], [18.392589, 59.175767], [18.392589, 59.168891], [18.418956, 59.175116], [18.429698, 59.174628], [18.434093, 59.165229], [18.431407, 59.15351], [18.424164, 59.143948], [18.414317, 59.140041], [18.403087, 59.145331], [18.381521, 59.147773], [18.343761, 59.14175], [18.307628, 59.131293], [18.290212, 59.120551], [18.301443, 59.122219], [18.311371, 59.120998], [18.319347, 59.116441], [18.324229, 59.1081], [18.230479, 59.084296], [18.200857, 59.080756], [18.214203, 59.086656], [18.241954, 59.095445], [18.255382, 59.101264], [18.24171, 59.1081], [18.248383, 59.11164], [18.255382, 59.114325], [18.255382, 59.120551], [18.238943, 59.121487], [18.223643, 59.119534], [18.209727, 59.114081], [18.197439, 59.104682], [18.185232, 59.099311], [18.151866, 59.097357], [18.138682, 59.093817], [18.129893, 59.087063], [18.108653, 59.063056], [18.096202, 59.058336], [18.043224, 59.059719], [18.045177, 59.054836], [18.048513, 59.043199], [18.050548, 59.03856], [18.025645, 59.045356], [18.013682, 59.044908], [18.002696, 59.03856], [18.018565, 59.022895], [18.003266, 59.006008], [17.977387, 58.986558], [17.961192, 58.963446], [17.962901, 58.951728], [17.968598, 58.944078], [17.970551, 58.935981], [17.961192, 58.922512], [17.948253, 58.91474], [17.930675, 58.910061], [17.912771, 58.909857], [17.899669, 58.915717], [17.894298, 58.903388], [17.892345, 58.889797], [17.892833, 58.861029], [17.879893, 58.867499], [17.869395, 58.877021], [17.865245, 58.888821], [17.871837, 58.902045], [17.864513, 58.914984], [17.861176, 58.919094], [17.851817, 58.924791], [17.844412, 58.924628], [17.837738, 58.922553], [17.830821, 58.922512], [17.814708, 58.928209], [17.805186, 58.933905], [17.786143, 58.953559], [17.773611, 58.960679], [17.775645, 58.947211], [17.787364, 58.925523], [17.803477, 58.908271], [17.792003, 58.890855], [17.786306, 58.884223], [17.779307, 58.881537], [17.774425, 58.886217], [17.775401, 58.896918], [17.779145, 58.908433], [17.78297, 58.915717], [17.749278, 58.923814], [17.746755, 58.942613], [17.751964, 58.965074], [17.741466, 58.983954], [17.741466, 58.9914], [17.755707, 59.006334], [17.760753, 59.037014], [17.760265, 59.067206], [17.758556, 59.080756], [17.756114, 59.085191], [17.769054, 59.108954], [17.768809, 59.120551], [17.758149, 59.125922], [17.74464, 59.122748], [17.732758, 59.114447], [17.727794, 59.104682], [17.726329, 59.073554], [17.721202, 59.058987], [17.71046, 59.052802], [17.701345, 59.057278], [17.665782, 59.080756], [17.668712, 59.095445], [17.688813, 59.117987], [17.693614, 59.131415], [17.689952, 59.142808], [17.680919, 59.153388], [17.669688, 59.162299], [17.658946, 59.168891], [17.673106, 59.134752], [17.661143, 59.119615], [17.647472, 59.108059], [17.631114, 59.099555], [17.611095, 59.093817], [17.620453, 59.072577], [17.616222, 59.051174], [17.614513, 59.032131], [17.631602, 59.018134], [17.62143, 59.002387], [17.614268, 58.980699], [17.607107, 58.965969], [17.597504, 58.970893], [17.586436, 58.964993], [17.586274, 58.964911], [17.581391, 58.961127], [17.576915, 58.956692], [17.584727, 58.950995], [17.592947, 58.946845], [17.601736, 58.944241], [17.611095, 58.94302], [17.611095, 58.936184], [17.601248, 58.927802], [17.61378, 58.924018], [17.62672, 58.917792], [17.617931, 58.902045], [17.598969, 58.89411], [17.578136, 58.895575], [17.556814, 58.900336], [17.535981, 58.902045], [17.545746, 58.889635], [17.559418, 58.880357], [17.590668, 58.867255], [17.590668, 58.861029], [17.569509, 58.861029], [17.576508, 58.856513], [17.583751, 58.853583], [17.555675, 58.854153], [17.480235, 58.886135], [17.447276, 58.895209], [17.447276, 58.888373], [17.465017, 58.881496], [17.469086, 58.870429], [17.460216, 58.839993], [17.451427, 58.823391], [17.449962, 58.815863], [17.457205, 58.812649], [17.464366, 58.811021], [17.488292, 58.799628], [17.459727, 58.791449], [17.337413, 58.806464], [17.371593, 58.778998], [17.376801, 58.76439], [17.357758, 58.751166], [17.305186, 58.752387], [17.276052, 58.748847], [17.276052, 58.730699], [17.162364, 58.732001], [17.131847, 58.737535], [17.120779, 58.744086], [17.100841, 58.761379], [17.086925, 58.764838], [17.075369, 58.762681], [17.046153, 58.753323], [17.028168, 58.751166], [17.041759, 58.747016], [17.073416, 58.744778], [17.083507, 58.737535], [17.083669, 58.728705], [17.077403, 58.720364], [17.069102, 58.713813], [17.062511, 58.710191], [17.083018, 58.702867], [17.125336, 58.705797], [17.145681, 58.702786], [17.145681, 58.696601], [17.122569, 58.683295], [17.107921, 58.669664], [17.093028, 58.660834], [17.069835, 58.661811], [17.010916, 58.68183], [16.974946, 58.68537], [16.953868, 58.669257], [17.001638, 58.667873], [17.019542, 58.659857], [17.035818, 58.641303], [17.01295, 58.641425], [16.924164, 58.625434], [16.578949, 58.647345], [16.233735, 58.669257], [16.233735, 58.661811], [16.24643, 58.658637], [16.257091, 58.65176], [16.261485, 58.643052], [16.254893, 58.634508], [16.239919, 58.63227], [16.197765, 58.637397], [16.17921, 58.634508], [16.17921, 58.628323], [16.191742, 58.631903], [16.203949, 58.633979], [16.214122, 58.631293], [16.220063, 58.620836], [16.240245, 58.628119], [16.285411, 58.615912], [16.306163, 58.624579], [16.320649, 58.636176], [16.333995, 58.639146], [16.346039, 58.63581], [16.367524, 58.621731], [16.371593, 58.620551], [16.372081, 58.617133], [16.371593, 58.603746], [16.376475, 58.59516], [16.387706, 58.59162], [16.400238, 58.592353], [16.40919, 58.596625], [16.416026, 58.609076], [16.421397, 58.624905], [16.428396, 58.63939], [16.439789, 58.648139], [16.453868, 58.645982], [16.504568, 58.630927], [16.517833, 58.624579], [16.635916, 58.626776], [16.6574, 58.622301], [16.676036, 58.610582], [16.689708, 58.605455], [16.730479, 58.602281], [16.748302, 58.592922], [16.746349, 58.597846], [16.7435, 58.609117], [16.741547, 58.614], [16.776866, 58.607652], [16.789317, 58.607164], [16.779633, 58.58869], [16.785981, 58.57274], [16.80421, 58.562079], [16.830333, 58.559394], [16.821056, 58.553534], [16.816661, 58.551947], [16.816661, 58.546373], [16.844005, 58.546373], [16.844005, 58.538886], [16.834158, 58.529527], [16.84669, 58.524359], [16.884939, 58.518459], [16.940196, 58.491116], [16.916189, 58.483466], [16.865896, 58.483059], [16.844005, 58.477484], [16.852875, 58.46308], [16.830333, 58.452094], [16.796397, 58.445136], [16.771983, 58.442694], [16.765473, 58.44066], [16.753591, 58.431464], [16.748302, 58.429023], [16.740977, 58.429633], [16.72755, 58.434882], [16.72047, 58.43651], [16.597911, 58.448635], [16.539724, 58.468166], [16.441417, 58.485989], [16.412608, 58.477484], [16.448253, 58.474799], [16.659516, 58.414781], [16.692556, 58.412746], [16.705577, 58.407701], [16.714854, 58.394965], [16.715017, 58.385728], [16.711436, 58.377387], [16.709646, 58.369127], [16.714854, 58.360175], [16.723399, 58.360745], [16.738943, 58.364936], [16.752289, 58.370063], [16.754568, 58.373765], [16.766612, 58.368598], [16.771251, 58.363105], [16.775076, 58.339667], [16.631684, 58.353949], [16.648123, 58.343248], [16.684744, 58.327867], [16.699962, 58.319159], [16.6963, 58.30858], [16.698497, 58.301703], [16.710785, 58.298733], [16.721853, 58.299872], [16.727061, 58.303616], [16.726736, 58.310004], [16.72047, 58.319159], [16.779307, 58.325588], [16.799164, 58.323635], [16.789317, 58.305569], [16.783946, 58.304145], [16.767345, 58.305976], [16.761404, 58.305569], [16.760509, 58.302436], [16.76002, 58.296332], [16.758637, 58.28974], [16.754568, 58.285102], [16.743012, 58.281317], [16.706798, 58.278266], [16.706798, 58.271389], [16.729503, 58.2685], [16.802989, 58.244696], [16.793305, 58.238837], [16.789317, 58.23725], [16.802582, 58.231024], [16.813731, 58.220404], [16.8213, 58.207099], [16.824067, 58.192857], [16.822276, 58.179633], [16.817068, 58.177191], [16.80836, 58.179877], [16.796153, 58.182034], [16.788259, 58.179267], [16.791515, 58.172919], [16.800466, 58.166083], [16.809825, 58.162095], [16.777192, 58.13052], [16.721446, 58.149848], [16.661876, 58.185533], [16.617442, 58.203111], [16.632091, 58.185736], [16.671886, 58.165269], [16.68629, 58.147895], [16.679698, 58.148261], [16.666026, 58.147406], [16.659516, 58.147895], [16.681651, 58.128241], [16.716075, 58.104153], [16.736095, 58.084784], [16.714854, 58.079576], [16.717621, 58.066799], [16.71225, 58.059516], [16.70102, 58.056952], [16.68629, 58.058539], [16.707367, 58.049872], [16.724864, 58.045844], [16.740245, 58.039781], [16.754568, 58.02497], [16.74643, 58.016588], [16.737804, 58.014228], [16.728852, 58.017279], [16.72047, 58.02497], [16.69158, 58.014838], [16.686778, 58.008734], [16.699962, 57.997707], [16.679047, 58.005113], [16.65797, 58.035346], [16.644705, 58.038642], [16.631196, 58.027899], [16.637218, 58.014472], [16.659516, 57.99022], [16.671641, 57.991767], [16.68629, 57.99022], [16.68686, 57.989244], [16.697602, 57.970649], [16.706391, 57.962104], [16.717621, 57.96662], [16.727794, 57.974066], [16.735362, 57.97191], [16.740001, 57.962104], [16.741547, 57.946194], [16.747244, 57.940416], [16.773936, 57.923407], [16.782481, 57.915107], [16.765391, 57.915229], [16.727306, 57.928778], [16.736176, 57.913764], [16.765391, 57.89883], [16.768809, 57.887844], [16.758149, 57.877021], [16.741059, 57.877183], [16.723399, 57.88349], [16.710785, 57.891262], [16.691173, 57.916205], [16.682872, 57.918891], [16.679454, 57.898383], [16.670746, 57.891425], [16.650564, 57.890855], [16.610606, 57.89468], [16.61378, 57.90351], [16.61378, 57.912095], [16.610362, 57.920559], [16.60377, 57.928778], [16.615001, 57.929592], [16.625662, 57.928371], [16.63559, 57.925482], [16.644705, 57.921332], [16.51531, 57.998847], [16.50587, 57.998236], [16.498302, 57.992987], [16.494477, 57.984036], [16.497244, 57.9772], [16.504568, 57.97016], [16.532074, 57.950263], [16.590099, 57.935614], [16.584809, 57.932603], [16.57488, 57.924384], [16.569591, 57.921332], [16.57602, 57.911282], [16.576996, 57.901923], [16.57252, 57.893948], [16.562755, 57.887844], [16.544119, 57.898912], [16.524587, 57.906317], [16.480805, 57.915107], [16.494477, 57.902086], [16.487071, 57.89468], [16.480154, 57.898261], [16.460297, 57.902086], [16.460297, 57.89468], [16.675466, 57.764472], [16.706798, 57.750637], [16.699962, 57.743842], [16.682953, 57.747301], [16.635102, 57.765692], [16.621104, 57.774237], [16.54184, 57.839016], [16.419444, 57.89468], [16.427582, 57.876899], [16.438975, 57.865383], [16.473399, 57.846869], [16.53004, 57.825263], [16.573253, 57.795356], [16.580903, 57.786933], [16.586762, 57.778876], [16.594493, 57.772895], [16.607188, 57.770494], [16.618175, 57.766588], [16.65268, 57.746324], [16.665212, 57.737006], [16.65211, 57.72956], [16.673025, 57.729722], [16.690766, 57.725653], [16.704845, 57.716783], [16.714854, 57.702826], [16.693126, 57.702826], [16.693126, 57.69599], [16.706798, 57.69599], [16.706798, 57.688544], [16.639171, 57.692328], [16.608897, 57.698717], [16.576996, 57.709662], [16.583995, 57.700385], [16.60255, 57.689032], [16.610606, 57.682359], [16.619965, 57.666653], [16.617686, 57.658271], [16.604828, 57.656806], [16.583263, 57.661933], [16.591807, 57.651679], [16.603282, 57.649115], [16.615082, 57.647895], [16.624848, 57.641425], [16.630544, 57.629096], [16.62615, 57.624579], [16.616547, 57.622382], [16.607188, 57.617174], [16.59783, 57.610297], [16.569998, 57.595689], [16.562755, 57.592963], [16.55714, 57.596869], [16.554942, 57.606187], [16.554942, 57.617377], [16.555919, 57.627143], [16.547618, 57.622219], [16.538829, 57.620673], [16.529796, 57.622382], [16.520518, 57.627143], [16.530528, 57.615465], [16.53533, 57.611477], [16.542247, 57.607327], [16.527354, 57.595445], [16.520518, 57.592963], [16.520518, 57.586127], [16.542247, 57.579291], [16.542247, 57.572496], [16.514985, 57.572496], [16.514985, 57.566311], [16.592459, 57.564846], [16.629161, 57.556871], [16.657563, 57.51553], [16.680349, 57.489651], [16.688975, 57.471747], [16.659516, 57.476264], [16.672211, 57.459662], [16.666759, 57.455268], [16.652192, 57.454535], [16.638438, 57.448961], [16.633311, 57.437079], [16.639008, 57.426703], [16.653005, 57.419013], [16.672618, 57.415473], [16.656016, 57.409247], [16.637218, 57.406195], [16.625743, 57.398993], [16.631684, 57.380764], [16.572602, 57.387437], [16.547618, 57.382514], [16.534841, 57.360256], [16.569591, 57.346584], [16.560232, 57.337388], [16.549571, 57.333157], [16.547374, 57.328803], [16.562755, 57.319281], [16.485199, 57.294623], [16.469086, 57.275377], [16.494477, 57.242906], [16.465994, 57.228013], [16.458181, 57.204006], [16.465017, 57.177314], [16.480805, 57.154771], [16.509451, 57.127346], [16.520518, 57.120063], [16.531016, 57.116929], [16.537283, 57.118232], [16.543142, 57.117987], [16.552501, 57.110093], [16.569591, 57.086493], [16.554454, 57.080756], [16.560557, 57.069281], [16.574474, 57.056098], [16.583263, 57.044908], [16.570486, 57.044338], [16.534841, 57.051744], [16.533376, 57.054429], [16.535004, 57.059068], [16.534841, 57.063463], [16.52768, 57.065375], [16.521251, 57.064399], [16.517833, 57.062079], [16.516124, 57.05976], [16.514985, 57.05858], [16.510753, 57.055976], [16.508556, 57.051011], [16.506847, 57.0456], [16.504405, 57.04149], [16.500336, 57.03974], [16.496837, 57.041449], [16.492686, 57.043891], [16.476329, 57.045844], [16.452403, 57.051418], [16.439789, 57.051744], [16.44752, 57.044379], [16.455333, 57.038398], [16.464041, 57.034003], [16.473399, 57.031236], [16.473399, 57.02383], [16.453136, 57.023505], [16.439789, 57.014106], [16.434906, 56.99787], [16.439789, 56.97663], [16.449718, 56.964504], [16.461436, 56.95661], [16.46811, 56.949286], [16.46339, 56.938463], [16.436371, 56.911119], [16.43629, 56.904771], [16.439952, 56.877834], [16.439789, 56.866848], [16.43629, 56.856879], [16.408946, 56.808417], [16.40797, 56.79914], [16.416026, 56.787991], [16.428559, 56.782945], [16.440766, 56.787055], [16.452403, 56.794135], [16.46339, 56.797838], [16.472504, 56.794379], [16.474457, 56.786322], [16.47169, 56.777411], [16.466563, 56.771186], [16.454845, 56.768297], [16.427582, 56.77558], [16.412608, 56.777411], [16.396821, 56.774807], [16.376231, 56.765692], [16.361095, 56.763739], [16.356619, 56.75845], [16.363048, 56.746487], [16.377778, 56.725898], [16.380626, 56.693793], [16.379161, 56.675605], [16.371593, 56.661322], [16.358653, 56.654446], [16.341563, 56.651272], [16.324962, 56.652167], [16.301117, 56.663275], [16.288259, 56.661322], [16.275645, 56.656562], [16.264903, 56.653876], [16.255219, 56.650377], [16.246349, 56.642401], [16.223643, 56.614203], [16.220958, 56.60871], [16.221202, 56.603746], [16.220063, 56.593004], [16.215505, 56.571723], [16.213227, 56.548407], [16.207042, 56.53852], [16.178722, 56.537055], [16.172374, 56.527289], [16.166026, 56.508002], [16.117686, 56.455268], [16.095225, 56.419379], [16.066254, 56.335964], [16.038259, 56.255072], [16.031505, 56.249823], [16.020356, 56.246405], [16.014496, 56.238267], [16.010427, 56.228258], [16.004405, 56.219428], [15.987804, 56.20775], [15.948985, 56.187445], [15.93214, 56.174709], [15.87436, 56.102729], [15.851736, 56.086371], [15.835134, 56.087958], [15.816742, 56.097846], [15.788748, 56.106431], [15.818696, 56.140041], [15.826508, 56.159369], [15.806163, 56.167914], [15.756684, 56.156724], [15.731212, 56.157213], [15.713634, 56.174709], [15.702485, 56.170233], [15.696788, 56.173163], [15.691742, 56.178616], [15.682384, 56.181545], [15.670177, 56.183539], [15.655772, 56.192572], [15.648204, 56.194566], [15.631521, 56.185736], [15.611827, 56.169257], [15.592133, 56.160549], [15.575938, 56.174709], [15.582856, 56.180813], [15.592296, 56.19245], [15.596202, 56.203762], [15.586436, 56.208889], [15.572765, 56.206285], [15.534923, 56.188381], [15.492931, 56.176337], [15.486583, 56.171332], [15.484874, 56.155666], [15.479991, 56.151842], [15.459809, 56.161078], [15.452322, 56.165961], [15.444021, 56.172838], [15.433279, 56.1789], [15.418224, 56.181545], [15.403982, 56.179755], [15.393403, 56.175116], [15.37672, 56.161078], [15.370372, 56.151435], [15.370128, 56.144924], [15.365571, 56.141099], [15.320974, 56.139635], [15.307302, 56.14175], [15.295258, 56.147406], [15.314708, 56.153388], [15.322602, 56.153632], [15.316742, 56.163275], [15.295258, 56.188381], [15.273774, 56.17121], [15.234548, 56.157213], [15.192393, 56.152899], [15.161876, 56.164496], [15.154307, 56.168647], [15.146332, 56.166938], [15.138682, 56.163153], [15.13087, 56.161078], [15.093028, 56.161078], [15.085216, 56.164618], [15.081716, 56.182074], [15.075531, 56.188381], [15.068696, 56.18773], [15.044281, 56.182278], [15.034679, 56.181545], [15.038259, 56.175442], [15.045258, 56.159613], [15.049001, 56.153632], [14.988455, 56.169176], [14.95338, 56.172919], [14.928233, 56.164496], [14.906016, 56.1612], [14.87322, 56.16474], [14.848155, 56.163967], [14.84962, 56.147406], [14.830251, 56.142646], [14.813324, 56.150092], [14.795746, 56.161282], [14.774587, 56.167914], [14.724946, 56.167629], [14.701345, 56.161363], [14.685802, 56.147406], [14.682953, 56.139065], [14.681, 56.127427], [14.682302, 56.117133], [14.688975, 56.112616], [14.70338, 56.109442], [14.710297, 56.101874], [14.714529, 56.092678], [14.719981, 56.084662], [14.748302, 56.060736], [14.757986, 56.048489], [14.767751, 56.030707], [14.756358, 56.027411], [14.743826, 56.02143], [14.732188, 56.014106], [14.723399, 56.006537], [14.715505, 56.002346], [14.71046, 56.006578], [14.70574, 56.017035], [14.685802, 56.017035], [14.679047, 56.009263], [14.673025, 56.005316], [14.664724, 56.006537], [14.6574, 56.009263], [14.64975, 56.010321], [14.621837, 56.010159], [14.611501, 56.011135], [14.609711, 56.015326], [14.62379, 56.024482], [14.615245, 56.030178], [14.607677, 56.037014], [14.603038, 56.045966], [14.603282, 56.058051], [14.582205, 56.043769], [14.5713, 56.050849], [14.566742, 56.055609], [14.569102, 56.058051], [14.556651, 56.055365], [14.533458, 56.045844], [14.524425, 56.043769], [14.497406, 56.040473], [14.478852, 56.031684], [14.445567, 56.002753], [14.407725, 55.977037], [14.38559, 55.966254], [14.366466, 55.961859], [14.346446, 55.953315], [14.333344, 55.934516], [14.323253, 55.915717], [14.311534, 55.907172], [14.271007, 55.894477], [14.234711, 55.862698], [14.208507, 55.821275], [14.198497, 55.779975], [14.194184, 55.741889], [14.195811, 55.725653], [14.205903, 55.708564], [14.222504, 55.696845], [14.261078, 55.680162], [14.273692, 55.667629], [14.27589, 55.656806], [14.275076, 55.646145], [14.276052, 55.634996], [14.284516, 55.622952], [14.29477, 55.61518], [14.316661, 55.602362], [14.358165, 55.563666], [14.367524, 55.545396], [14.363048, 55.523627], [14.348806, 55.510565], [14.294688, 55.475531], [14.27711, 55.468411], [14.264903, 55.461249], [14.219005, 55.413764], [14.199718, 55.398993], [14.181163, 55.390815], [14.158376, 55.387193], [14.094086, 55.387397], [14.06422, 55.390774], [14.035411, 55.397121], [13.956228, 55.426825], [13.930024, 55.432766], [13.897227, 55.434882], [13.882335, 55.433051], [13.856781, 55.424384], [13.842296, 55.42121], [13.828136, 55.421332], [13.780284, 55.427436], [13.647309, 55.42121], [13.629568, 55.41828], [13.618175, 55.410956], [13.608653, 55.401801], [13.595958, 55.393256], [13.580821, 55.388821], [13.537852, 55.393256], [13.503429, 55.388373], [13.410899, 55.352281], [13.381358, 55.346015], [13.312511, 55.342678], [13.280528, 55.345445], [13.115489, 55.380276], [13.061534, 55.381252], [13.041759, 55.385443], [13.030772, 55.38642], [13.024913, 55.388251], [13.008637, 55.396918], [13.000011, 55.400092], [12.979177, 55.403266], [12.958344, 55.400092], [12.947276, 55.396226], [12.932628, 55.388007], [12.920909, 55.38642], [12.910411, 55.387519], [12.897146, 55.392157], [12.886729, 55.393256], [12.867198, 55.388861], [12.847423, 55.382025], [12.832774, 55.382554], [12.828787, 55.400092], [12.859386, 55.434882], [12.866222, 55.435004], [12.871837, 55.434394], [12.87794, 55.431383], [12.886729, 55.424302], [12.904633, 55.417955], [12.929698, 55.418769], [12.952891, 55.424994], [12.965831, 55.434882], [12.959972, 55.447903], [12.963227, 55.45425], [12.972911, 55.454169], [12.985688, 55.447903], [12.975841, 55.475043], [12.928477, 55.520006], [12.917491, 55.547187], [12.929373, 55.578925], [12.958344, 55.598131], [13.027354, 55.626654], [13.038341, 55.635199], [13.04949, 55.647121], [13.057953, 55.660712], [13.061371, 55.674465], [13.054861, 55.694037], [13.040538, 55.70539], [13.026378, 55.712388], [13.011485, 55.72842], [12.992931, 55.725775], [12.974376, 55.726467], [12.965831, 55.746161], [12.941173, 55.745347], [12.922618, 55.749457], [12.911306, 55.763861], [12.923839, 55.765286], [12.931895, 55.769477], [12.936534, 55.777411], [12.93865, 55.790473], [12.926036, 55.834052], [12.891287, 55.853583], [12.850759, 55.865668], [12.8213, 55.886705], [12.810802, 55.902248], [12.80836, 55.910142], [12.807628, 55.924628], [12.804942, 55.929267], [12.798513, 55.934801], [12.790538, 55.939399], [12.783702, 55.941352], [12.770763, 55.948432], [12.764659, 55.964789], [12.76002, 55.983222], [12.752289, 55.996568], [12.734874, 56.006171], [12.719493, 56.012152], [12.708751, 56.021308], [12.7046, 56.040676], [12.698009, 56.0515], [12.609548, 56.116523], [12.602224, 56.123196], [12.564626, 56.171698], [12.553722, 56.181545], [12.544607, 56.213202], [12.540782, 56.22248], [12.516449, 56.252183], [12.504568, 56.275336], [12.464854, 56.291693], [12.451427, 56.304429], [12.646251, 56.25727], [12.653656, 56.253974], [12.666189, 56.239447], [12.673839, 56.236151], [12.681651, 56.234036], [12.696625, 56.224595], [12.704845, 56.22248], [12.71339, 56.223578], [12.727387, 56.228217], [12.735606, 56.229315], [12.777599, 56.226508], [12.796886, 56.228095], [12.814464, 56.236151], [12.827403, 56.249945], [12.833507, 56.265692], [12.829438, 56.278551], [12.783458, 56.293402], [12.76295, 56.315375], [12.731781, 56.359687], [12.643809, 56.396064], [12.621593, 56.419338], [12.656912, 56.455268], [12.713715, 56.467353], [12.833263, 56.442572], [12.890147, 56.455268], [12.90447, 56.467027], [12.920421, 56.485297], [12.93336, 56.506537], [12.93865, 56.527289], [12.934418, 56.547065], [12.903819, 56.593004], [12.886078, 56.637152], [12.871755, 56.649482], [12.842052, 56.653876], [12.818044, 56.652533], [12.778168, 56.644232], [12.76238, 56.643297], [12.746837, 56.644232], [12.731781, 56.64704], [12.679861, 56.679592], [12.670421, 56.692084], [12.664317, 56.714301], [12.649262, 56.725165], [12.631358, 56.734036], [12.615733, 56.750067], [12.594737, 56.787991], [12.600352, 56.809882], [12.598318, 56.82099], [12.533865, 56.84634], [12.529552, 56.849677], [12.528819, 56.853583], [12.528819, 56.857327], [12.527029, 56.859931], [12.520518, 56.862006], [12.504242, 56.864732], [12.499197, 56.866848], [12.479991, 56.886379], [12.469574, 56.892035], [12.437348, 56.896186], [12.411876, 56.905585], [12.375011, 56.912055], [12.356456, 56.923814], [12.345225, 56.941352], [12.342133, 56.962958], [12.344249, 56.967922], [12.353038, 56.976752], [12.355154, 56.979722], [12.354259, 56.985663], [12.349864, 56.995429], [12.348888, 57.000556], [12.346853, 57.006293], [12.340994, 57.014065], [12.333263, 57.020901], [12.301768, 57.029242], [12.271251, 57.042873], [12.247406, 57.060736], [12.245291, 57.079047], [12.237966, 57.081366], [12.218598, 57.092719], [12.237641, 57.108059], [12.233409, 57.121487], [12.204356, 57.147935], [12.20102, 57.155707], [12.197927, 57.175767], [12.197439, 57.184882], [12.191417, 57.185289], [12.160981, 57.184149], [12.149099, 57.1883], [12.180512, 57.204169], [12.191254, 57.212592], [12.180675, 57.216254], [12.157725, 57.216864], [12.138357, 57.219672], [12.120372, 57.225898], [12.101329, 57.236721], [12.129242, 57.236721], [12.142914, 57.238715], [12.156505, 57.242906], [12.142426, 57.247952], [12.127289, 57.250067], [12.095063, 57.250393], [12.095063, 57.257148], [12.105479, 57.263007], [12.112315, 57.269761], [12.119884, 57.275336], [12.142589, 57.279975], [12.147227, 57.285468], [12.147227, 57.292222], [12.142833, 57.298163], [12.144054, 57.310126], [12.136974, 57.319525], [12.125743, 57.326809], [12.115001, 57.332343], [12.112478, 57.335191], [12.109386, 57.340033], [12.104991, 57.34455], [12.098155, 57.346584], [12.089854, 57.34516], [12.073904, 57.33983], [12.067149, 57.339789], [12.049815, 57.351142], [12.063731, 57.363593], [12.089854, 57.377875], [12.108735, 57.394355], [12.060313, 57.394355], [12.082693, 57.402289], [12.092052, 57.411363], [12.089854, 57.423041], [12.059255, 57.458808], [12.053477, 57.462633], [12.04363, 57.461819], [12.036632, 57.456977], [12.030121, 57.451565], [12.022716, 57.448961], [12.006602, 57.434149], [11.992931, 57.366034], [11.979015, 57.346584], [11.972179, 57.364081], [11.949962, 57.360826], [11.933604, 57.360826], [11.944835, 57.3876], [11.933604, 57.386908], [11.922699, 57.387397], [11.912608, 57.389716], [11.903331, 57.394355], [11.915212, 57.403388], [11.913748, 57.416653], [11.906993, 57.43244], [11.903331, 57.448961], [11.907074, 57.465277], [11.916352, 57.476264], [11.929698, 57.483832], [11.944835, 57.489936], [11.927745, 57.497952], [11.910167, 57.503607], [11.916759, 57.504706], [11.931163, 57.511054], [11.910167, 57.52147], [11.903331, 57.524115], [11.917654, 57.539537], [11.911469, 57.595282], [11.91684, 57.620917], [11.912852, 57.622952], [11.901866, 57.62637], [11.897146, 57.627143], [11.891856, 57.612982], [11.879649, 57.606187], [11.867361, 57.607408], [11.861583, 57.617174], [11.858084, 57.632636], [11.84962, 57.643256], [11.840587, 57.652004], [11.834972, 57.661933], [11.844574, 57.68301], [11.909516, 57.686835], [11.923676, 57.702826], [11.90211, 57.696234], [11.87436, 57.693264], [11.845876, 57.693305], [11.8213, 57.69599], [11.770518, 57.712226], [11.747732, 57.713609], [11.751801, 57.69599], [11.738048, 57.693264], [11.719737, 57.693508], [11.705414, 57.698432], [11.703949, 57.709662], [11.706309, 57.721991], [11.801524, 57.774237], [11.810395, 57.781399], [11.807872, 57.788072], [11.789399, 57.790269], [11.766856, 57.788804], [11.751801, 57.784817], [11.727306, 57.803046], [11.707856, 57.823147], [11.686778, 57.837633], [11.656261, 57.839423], [11.678396, 57.853746], [11.690766, 57.858588], [11.703949, 57.8605], [11.693614, 57.881171], [11.707286, 57.891425], [11.759288, 57.902086], [11.759288, 57.908271], [11.745616, 57.908271], [11.745616, 57.915107], [11.755382, 57.917141], [11.759451, 57.919013], [11.766124, 57.928778], [11.736583, 57.938666], [11.743663, 57.955715], [11.787283, 57.997707], [11.800141, 58.022284], [11.802908, 58.036566], [11.79713, 58.048896], [11.787771, 58.058987], [11.78297, 58.069159], [11.786306, 58.078599], [11.800955, 58.086412], [11.797699, 58.090277], [11.796153, 58.093329], [11.793468, 58.100084], [11.818126, 58.103176], [11.828461, 58.121243], [11.837413, 58.187161], [11.841319, 58.193793], [11.852061, 58.196275], [11.865408, 58.196723], [11.875743, 58.199164], [11.8838, 58.205268], [11.889659, 58.216783], [11.873709, 58.215399], [11.860606, 58.218411], [11.851817, 58.22663], [11.844574, 58.253363], [11.834809, 58.261705], [11.823416, 58.268988], [11.813813, 58.278266], [11.80893, 58.302191], [11.825938, 58.316555], [11.882823, 58.332831], [11.870372, 58.345364], [11.849457, 58.342678], [11.806977, 58.326606], [11.751801, 58.329779], [11.726736, 58.327094], [11.725759, 58.312974], [11.711436, 58.307563], [11.678966, 58.30744], [11.628673, 58.28148], [11.618907, 58.278266], [11.612804, 58.274359], [11.590994, 58.256334], [11.581065, 58.250922], [11.567068, 58.249213], [11.552013, 58.250312], [11.537771, 58.253485], [11.52589, 58.257758], [11.530447, 58.252753], [11.539561, 58.23725], [11.50587, 58.243069], [11.496593, 58.258368], [11.503673, 58.280219], [11.519054, 58.305569], [11.541759, 58.333564], [11.567393, 58.355048], [11.622081, 58.388129], [11.607758, 58.394965], [11.621755, 58.405992], [11.636974, 58.41356], [11.669932, 58.422187], [11.652599, 58.437405], [11.628917, 58.431342], [11.605317, 58.415473], [11.588634, 58.401109], [11.57838, 58.41413], [11.559255, 58.44831], [11.553233, 58.463202], [11.547048, 58.463202], [11.553477, 58.433987], [11.551768, 58.399359], [11.541677, 58.364936], [11.522472, 58.336249], [11.494965, 58.312486], [11.465994, 58.294135], [11.396169, 58.264594], [11.405121, 58.279202], [11.416189, 58.290351], [11.428966, 58.298977], [11.44337, 58.305569], [11.44337, 58.312974], [11.428071, 58.311835], [11.399181, 58.302965], [11.389334, 58.305569], [11.3838, 58.318183], [11.389496, 58.329088], [11.401052, 58.336819], [11.413259, 58.339667], [11.448578, 58.341742], [11.441254, 58.349066], [11.422862, 58.363837], [11.424083, 58.388129], [11.406993, 58.387356], [11.397716, 58.378852], [11.391124, 58.366441], [11.382498, 58.353949], [11.370616, 58.34748], [11.355317, 58.343899], [11.345876, 58.346015], [11.35141, 58.357082], [11.385916, 58.398017], [11.407237, 58.418362], [11.415701, 58.4289], [11.424083, 58.442694], [11.415212, 58.431952], [11.372406, 58.399888], [11.355968, 58.392727], [11.348399, 58.388129], [11.345063, 58.383857], [11.337657, 58.371894], [11.334158, 58.367621], [11.306814, 58.360053], [11.279145, 58.366156], [11.253591, 58.365912], [11.2317, 58.339667], [11.220876, 58.346259], [11.219574, 58.352729], [11.222667, 58.360419], [11.224864, 58.370673], [11.22169, 58.379584], [11.204356, 58.401109], [11.208995, 58.418931], [11.223399, 58.424872], [11.259044, 58.422187], [11.251475, 58.442328], [11.261241, 58.452216], [11.278575, 58.459052], [11.293712, 58.470038], [11.25766, 58.482164], [11.252208, 58.487372], [11.250011, 58.493232], [11.240733, 58.502183], [11.238536, 58.50788], [11.240733, 58.512519], [11.245372, 58.516303], [11.250011, 58.5185], [11.252208, 58.518459], [11.25294, 58.548245], [11.255626, 58.555732], [11.264985, 58.562893], [11.273285, 58.56623], [11.280528, 58.570299], [11.286306, 58.579901], [11.265798, 58.579901], [11.269786, 58.592231], [11.264822, 58.596747], [11.257009, 58.599677], [11.252208, 58.607164], [11.252778, 58.616034], [11.259044, 58.6258], [11.259044, 58.634508], [11.249848, 58.648912], [11.210623, 58.679185], [11.214122, 58.69892], [11.218028, 58.707953], [11.212413, 58.710354], [11.18686, 58.710191], [11.177419, 58.718573], [11.178559, 58.736477], [11.189789, 58.752997], [11.210623, 58.757392], [11.206879, 58.770941], [11.212657, 58.779446], [11.222667, 58.787543], [11.2317, 58.799628], [11.233409, 58.808173], [11.2317, 58.843695], [11.226329, 58.848944], [11.21461, 58.851264], [11.202891, 58.854926], [11.197602, 58.864163], [11.197602, 58.887885], [11.195567, 58.898383], [11.190115, 58.908271], [11.193207, 58.912177], [11.194998, 58.915229], [11.197602, 58.922512], [11.146739, 58.93122], [11.119884, 58.940863], [11.108165, 58.953559], [11.117442, 58.968817], [11.138927, 58.978339], [11.183849, 58.9914], [11.141775, 58.989569], [11.122813, 58.994086], [11.115001, 59.008205], [11.119395, 59.020819], [11.129405, 59.031195], [11.193614, 59.080146], [11.220063, 59.090155], [11.320974, 59.099514], [11.354666, 59.09162], [11.368907, 59.063056], [11.376231, 59.041693], [11.393809, 59.019436], [11.414073, 59.001125], [11.429698, 58.9914], [11.437511, 58.9914], [11.437511, 58.991726], [11.437755, 58.998236], [11.403575, 59.03856], [11.399587, 59.047675], [11.393809, 59.070014], [11.389334, 59.080756], [11.370453, 59.100653], [11.344574, 59.111396], [11.313813, 59.11518], [11.216563, 59.110419], [11.182384, 59.116034], [11.175429718908143, 59.126697572825215], [11.175917430501853, 59.126909569453126], [11.202366430501852, 59.13691856945313], [11.206629707897251, 59.1383166721396], [11.211001151371121, 59.139326972702214], [11.215445561666701, 59.13994133610981], [11.316356561666701, 59.1493003361098], [11.321727078490696, 59.1495083284062], [11.327088894031405, 59.14913867199876], [11.33238005634556, 59.14819563800286], [11.36607205634556, 59.14030163800286], [11.370760247917463, 59.1389589394048], [11.375295338258203, 59.13716591532759], [11.379634185997139, 59.13493962243617], [11.383735516578662, 59.13230123899149], [11.387560314898456, 59.12927586338621], [11.391072196446057, 59.12589227538888], [11.394237753423141, 59.12218266236796], [11.397026872544949, 59.11818231310016], [11.399413021501703, 59.113929282075546], [11.413654021501703, 59.08536528207555], [11.416204607798, 59.079271310560905], [11.420760192356646, 59.0659833595879], [11.430445809148415, 59.05371957685183], [11.444283365552785, 59.04121565386919], [11.444297781052674, 59.041206681662054], [11.446187089347987, 59.040967501537075], [11.450913105171395, 59.03989635994234], [11.455513234646315, 59.03837275281023], [11.459944268628012, 59.03641099142512], [11.464164586290439, 59.03402950266654], [11.46813454607183, 59.031250655924964], [11.47181685802899, 59.0281005529855], [11.47244985802899, 59.0275035529855], [11.475556363180557, 59.02429999759197], [11.478364869260634, 59.02083222669204], [11.480853005797725, 59.01712786197067], [11.483000954145938, 59.01321640964326], [11.49808995414594, 58.98257240964326], [11.499989171082344, 58.97820110752165], [11.501463555702712, 58.973668834670065], [11.502499711567202, 58.96901677187659], [11.503088224036302, 58.96428718835543], [11.5032237458134, 58.95952305768364], [11.502775851594105, 58.93624664527588], [11.544664975400957, 58.93483654979598], [11.59654372807665, 58.94161299668149], [11.627967268954214, 58.957632082721794], [11.64684360509786, 58.99199496324658], [11.651786492714567, 59.011450751850916], [11.65360425607598, 59.01715161888894], [11.66228525607598, 59.039630618888935], [11.663813473203582, 59.04317442530512], [11.665610464843635, 59.0465898070627], [11.689317770318135, 59.087713864916246], [11.695969955719278, 59.10372350590744], [11.698623457495982, 59.14339766402637], [11.699327458076944, 59.14905437733108], [11.700670740097351, 59.15459419823463], [11.702635844102868, 59.15994512231158], [11.729714844102869, 59.22242112231158], [11.732391116180843, 59.227711789731224], [11.741486116180843, 59.24331878973123], [11.74423232324456, 59.247529371138825], [11.747387446575129, 59.251442917586196], [11.750919593366822, 59.255019869929846], [11.761661, 59.264855534956276], [11.761661, 59.265611483107584], [11.758527155990123, 59.28024597985687], [11.737963003270014, 59.340589762356124], [11.633355166511546, 59.535398738883394], [11.63118426128243, 59.53998599001089], [11.62948954539242, 59.54476967483252], [11.623081545392422, 59.56626667483253], [11.621811028934815, 59.57156991773799], [11.621125613088813, 59.576979982663794], [11.621033451176773, 59.58243251451289], [11.62153563950509, 59.58786265302551], [11.62546263950509, 59.61442465302551], [11.626356362637459, 59.61899002444626], [11.627670522262688, 59.623452573238836], [11.629393742301605, 59.62777366915819], [11.631511105626021, 59.63191590645211], [11.634004283189485, 59.635843427665776], [11.636851692693464, 59.63952223404331], [11.640028685415437, 59.64292047983949], [11.643507759581619, 59.646008747993804], [11.662317759581619, 59.6612017479938], [11.666446207966636, 59.66420156106842], [11.670858928769075, 59.666764929881154], [11.675509953856361, 59.66886515134277], [11.680350832635908, 59.670480347056035], [11.809102382434016, 59.706250349685796], [11.824008831072916, 59.71469492309769], [11.84731770285989, 59.73397527730794], [11.847406030521729, 59.73612185599254], [11.847911979234219, 59.74020193786342], [11.852235928654101, 59.76624987551069], [11.827457354973157, 59.78248778215429], [11.82354162190203, 59.78533401798579], [11.819919483199987, 59.78854558070758], [11.816624891380979, 59.79209236638463], [11.804738891380978, 59.80620036638463], [11.80173800668695, 59.81014330238329], [11.799142122776617, 59.81436389949275], [11.796976733361962, 59.81882070798305], [11.79526310434546, 59.82346995833447], [11.79401806497145, 59.82826599109014], [11.793253842549124, 59.83316170526946], [11.792977942370323, 59.838109020938354], [11.7931930740014, 59.843059351393755], [11.793897124673048, 59.84796408032491], [11.800512124673048, 59.881967080324905], [11.801734589514284, 59.88689892616009], [11.80345127828596, 59.89168123766097], [11.8056444627269, 59.896264627851444], [11.808291493800654, 59.90060176401771], [11.811365035592305, 59.90464785651358], [11.814833347606717, 59.90836112130361], [11.818660612552936, 59.9117032114672], [11.822807306229684, 59.914639613207655], [11.82723060569217, 59.91714000227645], [11.852265605692171, 59.92965800227645], [11.867954601141506, 59.937501499935536], [11.872331035100435, 59.939433570390804], [11.876872083665512, 59.94093854493233], [11.881536176133796, 59.94200264637876], [11.933419176133794, 59.95125364637877], [11.939041483515792, 59.95193039103806], [11.944704254919996, 59.95196704694169], [12.101256142448854, 59.94410370567147], [12.131300576410565, 59.947357768807294], [12.268254844135773, 60.00359551954066], [12.417940551618067, 60.0921583969547], [12.446868488215637, 60.11604590780534], [12.465832724368038, 60.14120237992288], [12.474026342808815, 60.16726209217461], [12.47242024744153, 60.18586948414753], [12.449272605636613, 60.243322784131216], [12.447108119948778, 60.25002109543323], [12.438737119948778, 60.28392009543323], [12.437773076669442, 60.28889532721892], [12.437317603993193, 60.293942589388344], [12.437375380956361, 60.29901003179929], [12.437945814020575, 60.30404559699945], [12.439023043170142, 60.308997555008666], [12.443467043170143, 60.325379555008666], [12.445046248241663, 60.33021330878139], [12.447108260161206, 60.334861660213555], [12.44963175024933, 60.33927652849793], [12.452590616469164, 60.34341224788957], [12.4559542534161, 60.347226040055176], [12.4689762534161, 60.360558040055174], [12.473230890271129, 60.36443930609386], [12.477903607938845, 60.367805590459305], [12.529101989927458, 60.4003823164365], [12.542325624575351, 60.41134260015485], [12.55121612938953, 60.422163436727224], [12.557554976944358, 60.435261767752195], [12.561994889158868, 60.457179977069536], [12.560118850959517, 60.47165818901288], [12.551914911465085, 60.488021203157004], [12.445722388418593, 60.62323937862899], [12.343208206240455, 60.717244309537755], [12.339259584946934, 60.72129987843369], [12.335794646294069, 60.725775752574144], [12.308819646294069, 60.76502475257415], [12.306159453486822, 60.769350706990885], [12.30395179687634, 60.77392419140407], [12.28896579687634, 60.80947719140407], [12.28713387576113, 60.81458006507872], [12.266851066072643, 60.88244395789511], [12.2534084618598, 60.90689508746491], [12.21784386811688, 60.949097646818444], [12.214987296274957, 60.95283021196055], [12.212493835507093, 60.95681451850338], [12.210385520072512, 60.9610153578548], [12.208680980771188, 60.96539560796163], [12.207395280306857, 60.96991656135048], [12.206539780180641, 60.97453826717865], [12.20374978018064, 60.99492426717865], [12.203327158373156, 60.99972554000864], [12.20336878929267, 61.0045451973457], [12.203874286090858, 61.009338453333775], [12.204838951523653, 61.01406076744689], [12.20625382159959, 61.01866825837455], [12.208105748876196, 61.02311811178138], [12.210377524630395, 61.02736897815223], [12.213048038767665, 61.031381357025516], [12.216092475984055, 61.03511796404468], [12.21948254635822, 61.038544077416766], [12.223186748230766, 61.04162786055888], [12.22717066092813, 61.04434065793428], [12.2313972646109, 61.046657261329116], [12.2590952646109, 61.06014526132912], [12.263805340719886, 61.06214756353299], [12.268695429118052, 61.063657883540856], [12.27371429335443, 61.06466039680504], [12.50450129335443, 61.09858539680504], [12.510456030759713, 61.099099652910986], [12.568334030759713, 61.10062465291099], [12.574199625563704, 61.10043467019835], [12.670236126727831, 61.09166161017759], [12.684874526544622, 61.14285758656206], [12.686099553872344, 61.14658263523241], [12.687612730617479, 61.150200227758965], [12.69381473061748, 61.16353322775897], [12.695821027187085, 61.1673969561353], [12.698155820161077, 61.171071512524826], [12.700801408425232, 61.174529038465124], [12.708345408425231, 61.183546038465124], [12.712490746818522, 61.187933049776554], [12.717134490894198, 61.191788609346986], [12.786105571075622, 61.24234458976969], [12.798558918987187, 61.25596331498408], [12.808775639328006, 61.27540343480748], [12.832056194569724, 61.34097081116913], [12.589243197655524, 61.50330624081681], [12.568245562347336, 61.51301935744592], [12.5456964740412, 61.517059057917734], [12.480901061405161, 61.51916334623807], [12.47677415420145, 61.51946870756616], [12.43905115420145, 61.523835707566164], [12.434474498369498, 61.524581986917184], [12.429986661651583, 61.52574904864102], [12.401667661651583, 61.53453404864102], [12.397408946754872, 61.53606975465882], [12.393306593096135, 61.53798436689194], [12.389394231845401, 61.54026218931441], [12.314972808635321, 61.588229432718414], [12.273153971132896, 61.604539570618485], [12.268189315663092, 61.606795045273], [12.152433315663092, 61.667204045273], [12.148340499975516, 61.669593282508266], [12.144492273767654, 61.67235928140052], [12.140923208880068, 61.67547719266401], [12.127074208880067, 61.68878419266401], [12.123641421742493, 61.692430433902615], [12.12059059513994, 61.69640177621261], [12.117952333869889, 61.70065838051333], [12.115753104022476, 61.70515754607822], [12.114014967482184, 61.70985413889315], [12.112755360610937, 61.714701044424714], [12.111986919332766, 61.71964964025626], [12.111717352374768, 61.72465028385055], [12.111949363935913, 61.72965281054588], [12.112680626559495, 61.734607036789946], [12.113903804481334, 61.73946326356322], [12.191780778252827, 61.994060177816486], [12.267008405600123, 62.23999895535692], [12.26524334288831, 62.268690920481426], [12.265068467249204, 62.27153507528837], [12.244648951958292, 62.30760967426083], [12.240054389131176, 62.31351696932427], [12.05176292388302, 62.555613567509816], [12.04887647185922, 62.55973757169598], [12.046419308658749, 62.56413090355455], [12.044416339120483, 62.56874903400334], [12.042887864555144, 62.57354515549016], [12.041849376979204, 62.57847065641574], [12.041311402093909, 62.583475613841735], [12.040174402093909, 62.60350061384174], [12.040139194024848, 62.60846040819251], [12.040595557224325, 62.61339928784685], [12.041539000932497, 62.61826865264933], [12.042960241361518, 62.62302058649282], [12.044845293050992, 62.62760832882844], [12.057867293050991, 62.65530632882844], [12.06010610685202, 62.659531021323225], [12.062738208516508, 62.66352255670938], [12.096446604441116, 62.70967688162176], [12.10526192962051, 62.72559083326542], [12.105358075377039, 62.726617731974656], [12.0503947078489, 62.868487092454615], [12.04886936241689, 62.873070063097686], [12.047793345821722, 62.87777883012199], [12.044073345821722, 62.89865583012199], [12.043451571199217, 62.903511194104865], [12.043307547940639, 62.90840408899321], [12.043642656431905, 62.91328761900606], [12.044453684837327, 62.9181149781198], [12.045732859883353, 62.92283989867882], [12.047467921361221, 62.92741709484628], [12.049642239634519, 62.931802696644645], [12.052234975025346, 62.935954670425936], [12.063292975025345, 62.95187167042594], [12.066184669356442, 62.955638728933685], [12.069420709183664, 62.95911445506529], [12.072971902028755, 62.962267494120276], [12.076806212402213, 62.96506940237454], [12.14939831843069, 63.01299936802015], [12.020805501048885, 63.17350984045179], [11.95340356094743, 63.25764076568659], [11.95050494004933, 63.26165031987983], [11.94801677569472, 63.26592671626977], [11.94596343052387, 63.270428082901006], [11.944365009683633, 63.275110345041995], [11.943237163969686, 63.279927656738884], [11.942590936583159, 63.28483284971208], [11.942432655002106, 63.2897778952003], [11.94276386902657, 63.294714374229876], [11.943581335603849, 63.29959395170487], [11.94487705058256, 63.30436884967587], [11.946638327084585, 63.308992315153496], [11.948847919727495, 63.31341907788622], [11.951484193481193, 63.31760579361995], [11.954521335505383, 63.321511468499445], [11.95792960789371, 63.325097860456054], [11.96167563884982, 63.32832985365148], [12.167630597720075, 63.4889559961013], [12.125297696911629, 63.57633493773464], [12.12337276521269, 63.58086352401894], [12.121902293296595, 63.58555939115119], [12.12090052324603, 63.59037705786296], [12.120377157586928, 63.59526986321028], [12.120337265315785, 63.60019041850278], [12.120781232804495, 63.60509106628126], [12.121704760058199, 63.609924341898434], [12.123098902362367, 63.61464343323211], [12.124950156915787, 63.61920263407856], [12.127240593610354, 63.62355778683455], [12.129948028691018, 63.62766671018062], [12.133046239613938, 63.63148960762326], [12.136505219021844, 63.63498945293921], [12.140291465376759, 63.63813234878854], [12.14436830743521, 63.64088785502339], [12.148696259423234, 63.64322928351241], [12.26634366169147, 63.69957868133404], [12.451161077917464, 63.84843155878445], [12.452868986847054, 63.84974743047885], [12.652236986847054, 63.99661243047885], [12.656177649851985, 63.99923690713202], [12.660348885233063, 64.00147688436788], [12.733729885233064, 64.03651288436787], [12.737331595219397, 64.0380621831419], [12.74104362791933, 64.03932450431795], [12.96821262791933, 64.10676250431794], [12.972136312795573, 64.10775640198548], [12.97612753346011, 64.10842967250211], [13.22779153346011, 64.14046867250211], [13.233810605150905, 64.14086812741121], [13.239833976465947, 64.14053981925643], [13.592499976465946, 64.09987081925644], [13.942311447067405, 64.05953099999999], [13.951371724618145, 64.05953099999999], [13.953111162211366, 64.06049010936678], [14.110040452470045, 64.20227625943703], [14.110881914637163, 64.20348368119842], [14.068736102903575, 64.42004935939538], [14.066986450113141, 64.42231423005313], [14.050833058703242, 64.42738237340178], [13.977419922150935, 64.4346266727018], [13.974246745893455, 64.43504271587119], [13.931974745893456, 64.44196771587119], [13.92517297752134, 64.44357703334371], [13.62787897752134, 64.53628503334372], [13.623222156521592, 64.53799500190703], [13.618757705228242, 64.54015802039066], [13.61452957165395, 64.54275279606289], [13.610579377502173, 64.54575378597865], [13.60694600844355, 64.54913144842403], [13.603665231325762, 64.55285253372467], [13.600769342085043, 64.55688041155508], [13.598286847825321, 64.56117543152729], [13.59624218619458, 64.56569531350883], [13.594655484820905, 64.5703955638279], [13.593542363176313, 64.57522991326869], [13.592913778818836, 64.58015077254494], [13.592775919526431, 64.58510970076853], [13.593130142384553, 64.59005788230097], [13.593972960427028, 64.5949466072941], [13.595296076961707, 64.59972775118933], [13.597086467243017, 64.60435424845528], [13.599326506687428, 64.6087805559004], [13.601994144369662, 64.61296310099968], [13.605063120091794, 64.61686071082214], [13.608503222888343, 64.62043501733676], [13.612280588422736, 64.6236508351069], [13.877096503595517, 64.82733276986244], [14.141911422064522, 65.0310157071527], [14.142425944770196, 65.03140618988577], [14.142632944770195, 65.03156118988578], [14.144752444875108, 65.03306392298006], [14.275323597738057, 65.12063207940909], [14.291444495037258, 65.1431057798231], [14.292219221363483, 65.1441860039017], [14.292936984590279, 65.14518646552958], [14.31803172589864, 65.2299550429592], [14.320065952448626, 65.23557006282617], [14.322755145489513, 65.2409024887799], [14.337018145489512, 65.26542248877989], [14.339752956348839, 65.26962414103578], [14.342894772616841, 65.27353081003298], [14.346412008895586, 65.27710322113406], [14.350269305603854, 65.28030546007268], [14.370526305603853, 65.29547346007269], [14.374049881606421, 65.29788413382113], [14.377766262998719, 65.29998542987697], [14.381648354482772, 65.30176202816492], [14.45500286750522, 65.33161359284051], [14.466158836322952, 65.34181892859375], [14.46803298993478, 65.3634184211129], [14.461821892702849, 65.41053306914083], [14.461404757618176, 65.4159837382345], [14.460370757618175, 65.4636547382345], [14.46058013052671, 65.46943624961666], [14.461455937182864, 65.47515487476419], [14.511788937182864, 65.71147087476419], [14.51325900619299, 65.71686990115379], [14.515323137189924, 65.7220708579963], [14.517955478510876, 65.72700860728318], [14.527464478510877, 65.74266660728318], [14.529848910848004, 65.7462377167822], [14.532530953411007, 65.74959107156728], [14.535490825234143, 65.7527019395193], [14.596994735843445, 65.81202048334268], [14.59741346196304, 65.81277345824472], [14.595371893916065, 65.83138553922024], [14.49360878358933, 66.10819550316388], [14.492141367163393, 66.11288750916252], [14.491141815143264, 66.11770094110005], [14.490619790490694, 66.12258926612203], [14.490580339770693, 66.12750522736059], [14.491023844364909, 66.1324013007805], [14.491946016784706, 66.1372301546079], [14.493337942119561, 66.14194510690041], [14.49518616422012, 66.14650057683504], [14.497472815782727, 66.15085252535145], [14.50017579107787, 66.15495888089039], [14.503268959652745, 66.15877994611172], [14.506722418941974, 66.1622787816603], [14.510502783344462, 66.16542156326943], [14.51457350697176, 66.16817790875004], [14.518895236947861, 66.17052117170412], [14.523426193844967, 66.17242869912329], [14.528122575577434, 66.17388205038202], [14.532938980849348, 66.17486717550858], [14.53782884806213, 66.17537455101024], [14.794247848062131, 66.18928855101024], [15.04509379248866, 66.20290019477453], [15.437108505058779, 66.31414154304434], [15.434465339104472, 66.32501839808025], [15.430063001602967, 66.33537162296518], [15.383876237315986, 66.44400342047939], [15.382294469667809, 66.44824820460357], [15.381103369581442, 66.4526187265104], [15.380312713692705, 66.45707911263935], [15.376694713692705, 66.48472611263935], [15.376296786629755, 66.48963981811775], [15.37638467556205, 66.49456882643703], [15.376957526109065, 66.49946522202222], [15.378009769511008, 66.5042814063313], [15.379531176763523, 66.50897056056719], [15.381506958055242, 66.51348710080981], [15.383917906541617, 66.51778712114371], [15.386740585057312, 66.52182882047357], [15.389947553952151, 66.52557290887844], [15.39350763783577, 66.52898298955454], [15.397386228637917, 66.53202591263366], [15.40154562203832, 66.5346720974376], [15.405945383995617, 66.5368958200361], [15.643539569651491, 66.64261590239894], [16.008093193735274, 66.9269709465625], [16.01150625112802, 66.92940997986473], [16.015111749738246, 66.9315543268486], [16.10192774973825, 66.9783733268486], [16.106748551662523, 66.98065019523436], [16.29164755166252, 67.05620119523437], [16.29515732430424, 67.05748445153473], [16.29875313783715, 67.05850198569411], [16.35463039451708, 67.07208069688485], [16.369900901637997, 67.07803086045425], [16.39047572542464, 67.17276693106355], [16.098006786935926, 67.38210042897002], [16.094142105423792, 67.38516578525598], [16.090598276643057, 67.38859703137406], [16.08740979221479, 67.39236077145551], [16.08460768524005, 67.39642037351142], [16.08221922825878, 67.40073632596697], [16.080267667809746, 67.40526662222261], [16.07877199817503, 67.40996716949861], [16.077746776511155, 67.41479221798437], [16.077201981166223, 67.41969480611537], [16.077142914561914, 67.42462721764386], [16.077570151585753, 67.42954144605487], [16.07847953399578, 67.43438966180733], [16.079862210892177, 67.43912467785273], [16.081704724861932, 67.44370040890048], [16.083989142958053, 67.44807231995998], [16.08669323123861, 67.45219785979387], [16.14033323123861, 67.52583685979387], [16.14328915928414, 67.52951650317004], [16.146578879852605, 67.53290103039959], [16.150173078525636, 67.5359602822501], [16.154039727706547, 67.53866699799023], [16.172850727706546, 67.55055299799024], [16.177058802870274, 67.55293532841388], [16.18147733043131, 67.5549000189807], [16.186064982319834, 67.55642869323661], [16.19077884858567, 67.55750705294415], [16.19557483875038, 67.55812501181896], [16.360059323046933, 67.57127347499379], [16.413465884890382, 67.58198097087467], [16.459091882038436, 67.60197523406946], [16.55560654252384, 67.66496339861513], [16.569906976455012, 67.67919465191885], [16.720292637919023, 67.9048762367612], [16.723675537301773, 67.90938063762178], [16.72754364984221, 67.91347592036185], [16.74852464984221, 67.93331992036185], [16.751797406464828, 67.93615709544397], [16.755303428073827, 67.938700382851], [16.759016404784152, 67.94093069724723], [16.78413140478415, 67.95457269724722], [16.788480548160944, 67.9566697713816], [16.79301168454359, 67.95833757566236], [17.197329305236178, 68.08535281586217], [17.27064043245997, 68.13841556611054], [17.27476498640067, 68.1411018419864], [17.279133681418255, 68.14336955606323], [17.28370417957488, 68.14519673144926], [17.30520117957488, 68.15258573144926], [17.309704428083922, 68.15390087201412], [17.314311114380956, 68.15478816182035], [17.31898068333394, 68.15523978957954], [17.32367202622105, 68.15525177937012], [17.32834384263284, 68.15482402563954], [17.332955004061912, 68.15396029413347], [17.898107613532336, 68.02038206261841], [17.904086072307678, 68.02112936996532], [17.92190281059762, 68.03204807055819], [17.950510119625505, 68.05509575919449], [17.95137111045554, 68.05577399595526], [18.127803289596173, 68.19164954457172], [18.13510850887949, 68.20507167635945], [18.087379833208995, 68.38275176459375], [18.086327253563553, 68.3876303650092], [18.085766278785872, 68.39258959612124], [18.085702498129287, 68.39758004679743], [18.086839498129287, 68.42817204679743], [18.087178589154068, 68.43241576606262], [18.0878774545051, 68.43661525688246], [18.1073074545051, 68.52891025688245], [18.108732558359684, 68.53421506450509], [18.110730957875123, 68.53933153831879], [18.116001957875124, 68.5509065383188], [18.118453120646375, 68.55561037274775], [18.121388787731142, 68.56002807758553], [18.124775922004222, 68.56410993729433], [18.128576405662795, 68.56781001583771], [18.13274746919287, 68.57108667363099], [18.13724217268468, 68.57390303614085], [18.14757717268468, 68.57963903614085], [18.1516522117863, 68.58166389923542], [18.15589446262235, 68.58330990108098], [18.16026878915035, 68.58456340882246], [18.16473896142337, 68.58541404040021], [18.18218896142337, 68.58791804040021], [18.429117132555966, 68.62334520843855], [18.434063658090356, 68.62380556654871], [18.439031451326382, 68.62377278216168], [18.44397147012089, 68.62324717892552], [18.448834946520503, 68.62223394560473], [18.494413946520503, 68.61034794560473], [18.499271775121468, 68.60881290207958], [18.656015869518765, 68.55034440833462], [18.70206478009164, 68.54568884504192], [19.036662054383477, 68.55561700388469], [19.041947576106917, 68.55549419446308], [19.047190582258104, 68.55481396763204], [19.490313333597424, 68.47330291656904], [19.93442100281341, 68.4003062554129], [19.962689577562834, 68.4010691307668], [19.991669315880902, 68.41042243458978], [20.094843607889743, 68.46010914555647], [19.951249583272713, 68.49241101881543], [19.946458148123973, 68.49374234831184], [19.94182266071249, 68.49554305524818], [19.93738897581562, 68.49779532682325], [19.933200951956916, 68.50047688330625], [19.929300017552556, 68.50356119843048], [19.925724761096625, 68.50701776179412], [19.922510549439306, 68.51081238067282], [19.919689177933897, 68.51490751825793], [19.917288555913487, 68.51926266497506], [19.91533243060863, 68.5238347392094], [19.913840152236975, 68.52857851347406], [19.912826482588695, 68.53344706180563], [19.912301449001134, 68.53839222396117], [19.91227024516724, 68.54336508182494], [19.912733179758938, 68.54831644331209], [19.913685673373735, 68.55319732898236], [19.915118303834678, 68.55795945655048], [19.917016899395627, 68.5625557185], [19.919362678929808, 68.56694064807635], [19.922132437714886, 68.57107086904927], [19.92529877697676, 68.5749055247954], [19.928830374921404, 68.57840668245679], [19.932692296573684, 68.58153970817712], [19.93684633935815, 68.58427360970377], [19.94125141100336, 68.58658134296678], [19.945863936031348, 68.58844007960191], [20.130228698556667, 68.65227410141038], [20.204982857447643, 68.69830112498362], [20.299621294870057, 68.79681524232943], [20.305461801108827, 68.80566668461523], [20.30601652805502, 68.80808366352801], [20.300244367077575, 68.8740058973102], [20.08102464915389, 68.97688127264318], [20.07665081101194, 68.97920478466395], [20.072528300581688, 68.98194961179057], [20.06869756656383, 68.98508882269255], [20.065196194845996, 68.98859161647695], [20.062058539722507, 68.99242362489665], [20.05931538682147, 68.99654724956], [20.056993651046465, 69.0009220308338], [20.055116112496417, 69.00550504481978], [20.053701192954897, 69.01025132450957], [20.052762775141666, 69.015114300986], [20.052310066500088, 69.02004626034191], [20.052347508856723, 69.02499881183307], [20.052874734839627, 69.02992336267204], [20.053886571482877, 69.03477159480447], [20.05537309098198, 69.03949593898979], [20.05731970810221, 69.04405004153473], [20.059707323284055, 69.04838921910036], [20.06251251004176, 69.05247089712012], [20.065707744816198, 69.05625502752733], [20.06926167702687, 69.0597044816935], [20.073139436673394, 69.06278541472206], [20.077302976468317, 69.06546759752318], [20.08171144514446, 69.06772471341168], [20.086321588273957, 69.0695346163174], [20.091088172666304, 69.07087954807524], [20.095964430181372, 69.07174631266227], [20.100902516602847, 69.07212640567276], [20.36135142229698, 69.07923140310012], [20.621801330072763, 69.08633740058391], [20.626324243817518, 69.08625609196886], [20.630821298065054, 69.08576633393875], [20.635255682879674, 69.08487213533148], [20.63959110129653, 69.08358081547021], [20.685303340629815, 69.06768083012768], [20.798233282231436, 69.06115779760935], [20.803056278216662, 69.06064356345624], [20.807806755882766, 69.05966443681397], [20.8124400118534, 69.05822963154903], [20.8756104239104, 69.03525422121574], [20.917076253134045, 69.0303545601195], [20.922178576286843, 69.02948184494345], [20.927163326058388, 69.02808627944904], [20.931977075235988, 69.02618282149331], [20.93656822941413, 69.02379187259243], [20.959926229414133, 69.01004587259243], [20.963940551110543, 69.00741626013406], [20.967684287879646, 69.00441391515602], [20.971122952956875, 69.00106649482836], [20.97422486985421, 68.99740483510557], [20.976961464159416, 68.99346266667028], [20.979307526759424, 68.98927630421102], [20.981241446063056, 68.98488431189654], [20.98274540708389, 68.98032714812821], [20.983805555549353, 68.97564679284314], [20.984412125524287, 68.97088636080088], [20.984559529373342, 68.9660897044166], [20.98424952937334, 68.9481587044166], [20.983928521769116, 68.94330111874116], [20.98313664434184, 68.93849777463353], [20.981881403831213, 68.93379420622894], [20.981833372000338, 68.93366589640279], [21.079605961352957, 68.91887878968487], [21.084030271314003, 68.91800394617411], [21.08835775315146, 68.91673399706245], [21.169076753151458, 68.88903499706245], [21.170776205011112, 68.88841725538312], [21.234545205011113, 68.86392325538313], [21.23995185027965, 68.86146886342924], [21.245029419528407, 68.85839085377246], [21.30138127621702, 68.81947540560505], [21.3077442075769, 68.81624196673478], [21.30966160228465, 68.81559688864925], [21.314075202456163, 68.81387519799553], [21.31830604311328, 68.81174351497145], [21.322316141316776, 68.80922097704718], [21.326069495872375, 68.8063302306451], [21.32855781471903, 68.80400711771274], [21.38605364200116, 68.80384079078647], [21.391912732945077, 68.80347924322761], [21.3976890692426, 68.80243348880886], [21.418153069242596, 68.79747248880886], [21.42304538892892, 68.79601842856314], [21.42776398843729, 68.79407320318008], [21.43225970169141, 68.79165708119473], [21.43648568500799, 68.78879523771205], [21.440397905190782, 68.78551749209154], [21.443955598340306, 68.78185799724045], [21.45284359834031, 68.77172899724044], [21.456397158243295, 68.76717311260589], [21.45940140443678, 68.76223769189471], [21.462030350812825, 68.75729690428608], [21.48511163724294, 68.73366455719193], [21.488212727708373, 68.73119948263405], [21.50681012239683, 68.72460021985391], [21.577714215202008, 68.71710927151386], [21.58196291255787, 68.71647483434899], [21.58614147082504, 68.71547804422775], [21.590219045658532, 68.71412625903211], [21.676740983062043, 68.68125394410077], [21.729375486572906, 68.66762840998759], [21.733812482146842, 68.66625701552736], [21.73810309821736, 68.66447986437338], [21.742210319377904, 68.66231228811704], [21.74609871238101, 68.65977298657093], [21.749734731823057, 68.65688386644436], [21.753087009542543, 68.6536698523529], [21.75612662523511, 68.65015867179216], [21.758827355950768, 68.64638061593098], [21.76615104568516, 68.63505866955579], [21.924583566156095, 68.617929301132], [21.9301117500128, 68.6170158240991], [21.93550301601385, 68.61548955153201], [21.94068966008649, 68.61336965051855], [21.985441660086494, 68.59207865051854], [21.989397709707553, 68.58997418216815], [21.993149460674303, 68.58752398210986], [21.996666780250134, 68.58474772948382], [21.999921418568444, 68.58166772216904], [22.00019853008676, 68.58138087341014], [22.021669033656348, 68.57014202586068], [22.026859538463746, 68.56701023075607], [22.037546866603467, 68.5596427660376], [22.041725017147286, 68.55757165833336], [22.046818764940962, 68.55598505872682], [22.05415776494096, 68.55314305872682], [22.058706019777958, 68.55111585973742], [22.063030077478377, 68.54864630860243], [22.06708705003538, 68.54575889947371], [22.070836698516278, 68.54248227101223], [22.07424183217089, 68.53884892233654], [22.077268677306638, 68.5348948906815], [22.079887212271665, 68.53065939396426], [22.0816860072633, 68.52697414243278], [22.303252349003913, 68.52613063767124], [22.30872410416806, 68.52580937131378], [22.37673010416806, 68.51805837131378], [22.381175791531426, 68.51734766841864], [22.385539528015098, 68.51623995065718], [22.389785933779432, 68.51474419906597], [22.393880580266327, 68.51287254074103], [22.397790269335466, 68.51064015051514], [22.401304269335466, 68.50841815051514], [22.405282241275074, 68.5056231135264], [22.40804126115581, 68.50325280285747], [22.45832452845155, 68.50177028242248], [22.46276648768423, 68.50144083689935], [22.467161502704144, 68.50071738741786], [22.52763022120998, 68.48797425101006], [22.567344479127964, 68.48624147612212], [22.57276340553218, 68.48570826985872], [22.578092217666413, 68.48458896939341], [22.614008934017058, 68.47497606040075], [22.622471778864206, 68.47504817370209], [22.637129688913223, 68.47690189459729], [22.64312655552784, 68.4772962357787], [22.66193655552784, 68.4774002357787], [22.66654058787507, 68.47721336777332], [22.67110786682599, 68.47660345262331], [22.67559960333272, 68.47557567022423], [22.679977649915255, 68.47413874934021], [22.707986649915252, 68.4634927493402], [22.712438595462768, 68.46154811203793], [22.716680803611045, 68.45918060207553], [22.74264018272923, 68.4429909882492], [22.755530233387844, 68.43719942687036], [22.800461802556573, 68.44428555763304], [22.805828285769092, 68.4448372700655], [22.811222972794848, 68.44480759562373], [22.81658306186242, 68.44419687976011], [22.82184615396945, 68.44301223206931], [22.826950979295102, 68.44126744352253], [22.852065979295105, 68.43113944352253], [22.856537622412855, 68.42907461253984], [22.860784416270917, 68.42657984579989], [22.86476515147798, 68.42367935164013], [22.902399190559876, 68.39331091559121], [22.921491494115852, 68.38366106290846], [23.06468675158731, 68.3466164116898], [23.070411264884125, 68.3447614481434], [23.075871477919005, 68.34223221587698], [23.090650477919002, 68.33427321587698], [23.09497942000232, 68.33165098977601], [23.09902109185051, 68.32860456597801], [23.102734081185464, 68.32516515912742], [23.10608034351651, 68.32136801050021], [23.11269534351651, 68.31304801050021], [23.115867643363877, 68.30857483753181], [23.118530996064866, 68.3037811630417], [23.120653363869945, 68.29872465064413], [23.12069302294865, 68.29861343249496], [23.161375658957613, 68.27938860131287], [23.16570105852055, 68.27707866245112], [23.169779391375215, 68.27435614522423], [23.173571432281097, 68.27124723469284], [23.177040709542077, 68.26778183223273], [23.192233709542077, 68.25103883223272], [23.195341339311895, 68.24725769444356], [23.19806440244249, 68.24319084148905], [23.20037680723377, 68.23887724092246], [23.202256396809666, 68.23435822457009], [23.2036851614197, 68.22967709250017], [23.204649411003846, 68.22487869813264], [23.20513990636721, 68.220009018465], [23.205151947707662, 68.21511471353243], [23.20468541964813, 68.21024267932314], [23.204091521633213, 68.2072100858741], [23.20566988996373, 68.20331493721724], [23.206999663116402, 68.19890430822419], [23.20791785224351, 68.19439001165895], [23.20915785224351, 68.18643201165897], [23.209651950409278, 68.1819268897496], [23.209687192589296, 68.18002873206433], [23.259155998855242, 68.1932850102531], [23.26512496579947, 68.19450038044972], [23.271197428444914, 68.19498088905087], [23.305614428444915, 68.19560088905087], [23.310820705658134, 68.19542326400926], [23.315980245516172, 68.19470491762375], [23.32103704250773, 68.19345364736418], [23.32593620636955, 68.19168303545545], [23.330624557906475, 68.18941230144583], [23.343956557906473, 68.18207430144584], [23.347600032300807, 68.17986149408351], [23.35104178186951, 68.1773463833521], [23.35425679001894, 68.17454725050709], [23.36531579001894, 68.16405725050708], [23.36900936027191, 68.16015589669465], [23.372263019262622, 68.15588076792984], [23.41257101926262, 68.09655576792984], [23.414801488548868, 68.09290503173747], [23.473181659833795, 68.07175301209467], [23.49939279351095, 68.06369194962343], [23.502884563893872, 68.06247502457755], [23.506276849243907, 68.06100337003987], [23.58841296462631, 68.02170057379887], [23.65035064982742, 68.01266760454769], [23.654732423670332, 68.01182740369323], [23.659021854746072, 68.01059994268255], [23.663184789095414, 68.00899499499202], [23.667188079970575, 68.00702533977977], [23.670999851761266, 68.00470666013352], [23.690016851761264, 67.99194266013353], [23.69378546349553, 67.98914810519184], [23.69727554926817, 67.98601261910107], [23.700456379611452, 67.9825638091537], [23.703299947986345, 67.97883204139256], [23.705781217374174, 67.97485017324422], [23.7078783407223, 67.97065326421631], [23.709572853302788, 67.966278267206], [23.71084983529043, 67.96176370313744], [23.71169804312866, 67.95714932179332], [23.712110008526704, 67.9524757518263], [23.71208210421628, 67.94778414303238], [23.71115210421628, 67.93021414303237], [23.71067157333348, 67.92545837194227], [23.709739107597397, 67.92077021918861], [23.708363229099056, 67.91619253124068], [23.70655651241506, 67.91176714499602], [23.704335469684626, 67.90753450542002], [23.701720399700097, 67.90353329590704], [23.698735202390033, 67.89980008474095], [23.695407160390406, 67.89636899088629], [23.691766689700216, 67.89327137216466], [23.666651689700217, 67.87389237216466], [23.66310366800873, 67.8713926116042], [23.659352229007027, 67.86920996041826], [23.65542563942902, 67.86736086467471], [23.65135348575145, 67.86585925713302], [23.61859048575145, 67.85536925713302], [23.614442427861114, 67.85423530880236], [23.610212276129246, 67.85346197872822], [23.543834618929203, 67.84425671517675], [23.52741571265985, 67.83889290366378], [23.529016953452487, 67.82588903324266], [23.533327487873716, 67.80783883326956], [23.53435702428471, 67.80202873534415], [23.534694923978165, 67.79613780953223], [23.534607498317744, 67.74600301284698], [23.54044888718969, 67.7376505503972], [23.54337949555725, 67.73291978359073], [23.545766239269458, 67.7278926497718], [23.54757955266271, 67.72263142229914], [23.55761484341179, 67.68723040862159], [23.56056836640612, 67.6812101601267], [23.57957057985802, 67.66030700588186], [23.58255153603456, 67.65670259731212], [23.585182634271536, 67.6528354041528], [23.587440849448488, 67.64873926876945], [23.595191849448486, 67.63297826876945], [23.597306863285198, 67.6280188632499], [23.598875579431912, 67.62286055768627], [23.599879757493145, 67.61756333076474], [23.603083757493145, 67.59368833076475], [23.60349984013071, 67.58871585397183], [23.60341823022102, 67.58372666665925], [23.602839740554714, 67.5787704584389], [23.601770132576533, 67.57389659046875], [23.60022005900445, 67.56915360384232], [23.59820495773433, 67.5645887361456], [23.59574489808685, 67.56024745099621], [23.592864380927875, 67.55617298525034], [23.589592094653085, 67.55240591838695], [23.585960629467024, 67.54898376835811], [23.582006152802276, 67.54594061793046], [23.577768049111338, 67.5433067752392], [23.559682049111338, 67.53328177523919], [23.554802701627672, 67.53091350724266], [23.549695542768458, 67.52908767768967], [23.530657913454153, 67.52342566749213], [23.529910313964987, 67.52161378806684], [23.52756823412554, 67.5172308587749], [23.524802645497022, 67.51310206637392], [23.521640867014312, 67.50926819574767], [23.508340894768452, 67.4946828036151], [23.509081445009848, 67.49470292259856], [23.544910680957376, 67.50120457482703], [23.551872476405844, 67.50196935223352], [23.592593476405845, 67.50357135223351], [23.59741289084695, 67.50352848662604], [23.60220578854046, 67.50302180653465], [23.606927636578416, 67.5020560197456], [23.67067737690801, 67.48578022713671], [23.734297417043685, 67.48129098323514], [23.74003377869888, 67.48055083784446], [23.76184177869888, 67.47644283784446], [23.767255426232705, 67.47510666458045], [23.7724866275388, 67.47317599850184], [23.777470321248735, 67.47067485164139], [23.790079321248733, 67.4634398516414], [23.794070037009845, 67.4608915080529], [23.797801802971385, 67.45797709728237], [23.80124115285424, 67.45472275561094], [23.804357242751177, 67.45115766780202], [23.807122127733372, 67.44731380537391], [23.80951101245902, 67.44322563988085], [23.81150247353668, 67.43892983377405], [23.81307865164909, 67.4344649116147], [23.814225411714578, 67.4298709145878], [23.814932469649737, 67.42518904141487], [23.815193484596524, 67.42046127888607], [23.815006115786744, 67.41573002532489], [23.813042115786747, 67.39319902532489], [23.81231477261611, 67.38801297471822], [23.81104899716832, 67.38293144330548], [23.81033053618539, 67.38095652540011], [23.8114229861022, 67.38037010290442], [23.815466762286093, 67.37766245908732], [23.819228158081348, 67.3745745208533], [23.822671540339915, 67.37113554142809], [23.825764288578213, 67.36737809958552], [23.82847710400349, 67.36333779101636], [23.83078428707256, 67.35905289111653], [23.83266398095346, 67.3545639923897], [23.834098378583594, 67.34991361989877], [23.835073891362914, 67.34514582840973], [23.83558127788392, 67.3403057850438], [23.835615731479095, 67.33543934139207], [23.835176925756283, 67.33059259914565], [23.83426901769075, 67.32581147335664], [23.832900608244554, 67.32114125746727], [23.83108466088632, 67.31662619422765], [23.828838378783328, 67.31230905656719], [23.82618304182929, 67.3082307423902], [23.80375504182929, 67.2771987423902], [23.800615791177858, 67.27328493095924], [23.79710010836001, 67.26970543533919], [23.793243393228405, 67.26649629792185], [23.789084479532992, 67.26368983191568], [23.76128247953299, 67.24689483191568], [23.75730015288858, 67.2447292079234], [23.753138055403845, 67.24293315744906], [23.748830397610174, 67.24152144320341], [23.744412586477896, 67.2405056688297], [23.663490808922646, 67.22572579463872], [23.664351422912915, 67.22150493801043], [23.66485606238376, 67.21651378037127], [23.664858019172808, 67.21149717676471], [23.664357273581988, 67.20650562696252], [23.663358866379927, 67.20158937853172], [23.661872848058913, 67.1967979210161], [23.65991417766135, 67.1921794877484], [23.657502572194172, 67.18778057030828], [23.64964757219417, 67.17501657030827], [23.647370858538633, 67.1716342023891], [23.647256858610184, 67.17149149140063], [23.650718502625327, 67.16909894526414], [23.673386507113037, 67.15190416099138], [23.678322851635333, 67.14971049811581], [23.682778981321245, 67.14745739090031], [23.686988159005047, 67.14477105377918], [23.695566159005047, 67.13867305377919], [23.699683927172497, 67.13540685167003], [23.7034360857768, 67.13172644453128], [23.706781174829818, 67.1276724995235], [23.709682232313924, 67.12328981126483], [23.712107202598855, 67.11862680686681], [23.714029290644792, 67.11373501083239], [23.717647290644795, 67.10288301083239], [23.718950875152757, 67.09823667658668], [23.719800470707412, 67.09348631429674], [23.72018816323968, 67.08867617407086], [23.720339187721542, 67.08398015374142], [23.720355673774602, 67.08395942537909], [23.75114563623982, 67.05639749729689], [23.766925168958124, 67.04574441265747], [23.774953023401597, 67.0427164568204], [23.800735464893354, 67.03817784431664], [23.806019390686384, 67.03694886043773], [23.811139067411755, 67.03515465214755], [23.81603422567566, 67.03281634106214], [23.840632225675662, 67.01938134106214], [23.8454885406866, 67.0163558869967], [23.849967415262466, 67.01279543052019], [23.902651992110894, 66.96575149962405], [23.936397723088227, 66.94725869625363], [23.940993970601276, 66.94440625653142], [23.961974970601275, 66.92975625653142], [23.96524516249735, 66.92726682565363], [23.968299852544693, 66.92451722752898], [23.99579185254469, 66.89764522752898], [23.999559565629138, 66.89352679562096], [24.039970565629137, 66.84407279562095], [24.04309194943661, 66.83981203983342], [24.045746459490577, 66.83524578829326], [24.047904474562753, 66.83042499502837], [24.050694474562754, 66.82318999502837], [24.052208461903184, 66.81861969745012], [24.053275863365254, 66.8139249736308], [24.053886782097543, 66.80914935263209], [24.054035553715913, 66.80433711358708], [24.05372079882315, 66.79953287514813], [24.052945435798623, 66.7947811817867], [24.051716653739323, 66.79012609078099], [24.050045845803204, 66.7856107637207], [24.04794850357283, 66.78127706631669], [24.043091503572832, 66.77236306631669], [24.040634490878485, 66.76832133293786], [24.037806555306258, 66.76452985558925], [24.034633004074305, 66.7610225642321], [24.0311422373181, 66.75783084564496], [24.02736549393739, 66.7549832625431], [24.02333657203903, 66.75250529797059], [24.019091526477464, 66.75041912725229], [24.01466834619952, 66.7487434195467], [24.01010661428105, 66.74749317077557], [23.995326614281048, 66.74418517077558], [23.98929395550298, 66.74321749466695], [23.983188311007094, 66.7429928298641], [23.965161048150232, 66.74343199210948], [23.963858922541217, 66.74179967790005], [23.960564360588698, 66.73806715245804], [23.956914940508046, 66.7346807653406], [23.9529468439413, 66.7316740903879], [23.94857272414736, 66.72869049448765], [23.95076192672867, 66.721560087749], [23.951947898677275, 66.71691384192589], [23.952683333777895, 66.71217535430596], [23.952961467754488, 66.70738820784875], [23.953168467754487, 66.68682120784875], [23.952935252314926, 66.68146834109073], [23.952130592533415, 66.67617116310558], [23.947996592533414, 66.65622416310558], [23.946900510497773, 66.65191125025011], [23.9454252994296, 66.64771287372672], [23.9379842994296, 66.62921287372671], [23.937228404482166, 66.62753266003696], [23.93785103974166, 66.62524632177943], [23.94198503974166, 66.60721132177943], [23.942911808418415, 66.60183702164872], [23.94324774855476, 66.59639375550604], [23.942988863537792, 66.59094628080457], [23.94123186353779, 66.57378928080458], [23.940558441263203, 66.56926612203651], [23.939474578937535, 66.56482340830952], [23.937989343053015, 66.56049830285781], [23.93611515758572, 66.55632698512414], [23.933867700069197, 66.55234434811929], [23.924255700069196, 66.53699634811929], [23.92137887952554, 66.53287821418957], [23.918103355340655, 66.52906953137031], [23.914462190817478, 66.52560874469404], [23.910492140050582, 66.52253078751244], [23.90623327692854, 66.51986672887735], [23.901728590626092, 66.51764345992824], [23.881058590626093, 66.50870345992824], [23.87498897449122, 66.50653108565702], [23.84620351380336, 66.49827886288328], [23.843394562085916, 66.49480787370369], [23.839936313512005, 66.49130413655797], [23.836150269788263, 66.48815746687288], [23.832073133817804, 66.4853983692915], [23.827744430428496, 66.48305359123108], [23.807487430428495, 66.47333859123108], [23.802000232478992, 66.47109667335228], [23.796286280559872, 66.46951987578178], [23.77593183603972, 66.46518266086666], [23.77492548030804, 66.46310782134036], [23.77229551083059, 66.45883698119405], [23.76925089152511, 66.4548511176374], [23.76582225956146, 66.45119033932325], [23.762044116323647, 66.44789148366073], [23.75795448023188, 66.4449877461305], [23.7535945041736, 66.4425083462477], [23.74900806139326, 66.44047823353402], [23.744241304007886, 66.43891783645745], [23.739342198590975, 66.43784285686623], [23.717579566660305, 66.43420067002545], [23.708579683055746, 66.43144214985331], [23.709718663921603, 66.42959243132256], [23.711919627658293, 66.42504609969436], [23.716260627658293, 66.41478809969436], [23.717944554511256, 66.41019475548877], [23.71917152009665, 66.40545883149345], [23.719929777730307, 66.4006256683472], [23.720893723284917, 66.39162373588042], [23.724980600373108, 66.37781018258121], [23.726257310014248, 66.37240931538945], [23.72692761351642, 66.3669002277022], [23.7269832529137, 66.36135079005606], [23.7263632529137, 66.34773379005607], [23.725959207980896, 66.34327216630656], [23.725157435250072, 66.33886461604843], [23.723964371140656, 66.3345465219294], [23.720553371140657, 66.32405652192939], [23.719007537836568, 66.31993038895324], [23.717837936769595, 66.31748803500841], [23.72251907476771, 66.31031800904358], [23.724668633394536, 66.30670184106134], [23.726506602267346, 66.30291777663423], [23.728019970571264, 66.29899260281098], [23.734566943894194, 66.27962071612275], [23.759781350093505, 66.24305703174502], [23.772599368672342, 66.23463537823491], [23.79796006632543, 66.22538289295215], [23.896745989604447, 66.21055077209786], [23.901217171547962, 66.20966944063144], [23.905589536908327, 66.20838467050368], [23.909826763199273, 66.2067071346665], [23.91389365057334, 66.20465076888864], [23.93601065057334, 66.19217076888863], [23.940004301087743, 66.18966185628513], [23.94374379027168, 66.18678781600593], [23.947195845815376, 66.18357421998178], [23.950329752865624, 66.18004966135926], [24.002639571780932, 66.11531170868501], [24.00550707241136, 66.1125102192457], [24.008412793915085, 66.1107296310353], [24.029653110525516, 66.1013294266856], [24.033259113712457, 66.09955698631342], [24.036711152857546, 66.09750072037781], [24.046943152857544, 66.09083472037781], [24.0506516938401, 66.0881697519435], [24.054101614563525, 66.08517753203559], [24.057264135329643, 66.08188302215109], [24.060112873969018, 66.07831370553026], [24.07024087396902, 66.06436170553026], [24.07238519247054, 66.06115438074973], [24.074275827167213, 66.05779126693548], [24.099803827167214, 66.00797426693549], [24.10169269040154, 66.0038341261809], [24.103197312829742, 65.99953939904938], [24.104305231020398, 65.9951256606035], [24.105007267613043, 65.99062947172754], [24.106661267613042, 65.97556647172753], [24.106959113851826, 65.9704066810915], [24.106832128562274, 65.9676331762196], [24.108038699797262, 65.96650012570319], [24.13200236876981, 65.94883311420114], [24.13612224605055, 65.945442026535], [24.139857281294187, 65.9416312029893], [24.143164935639962, 65.93744404558879], [24.146007537730455, 65.93292824247939], [24.162716225898144, 65.90294657976128], [24.192668918564006, 65.88133611635345], [24.19643331659286, 65.87833430117256], [24.19989153855892, 65.87498433285431], [24.203011517632984, 65.87131727443136], [24.205764323388635, 65.86736712919713], [24.20812443006354, 65.86317052540562], [24.210069953250503, 65.85876637663102], [24.2115828528236, 65.85419552093634], [24.212649100217657, 65.84950034219699], [24.213258808510027, 65.84472437709053], [24.2134063240984, 65.83991191139704], [24.2130893240984, 65.82182291139704], [24.212765238866698, 65.8169486914969], [24.21196705935067, 65.81212935955851], [24.210702404349675, 65.80741091716715], [24.208983345274365, 65.80283840289513], [24.206826290922407, 65.79845546239875], [24.204251830852893, 65.79430393181079], [24.20128453885447, 65.79042343840553], [24.197952738383098, 65.78685102234758], [24.196098775871597, 65.78521676602021], [24.188243, 65.790229], [24.173025, 65.804185], [24.163097, 65.815863], [24.163097, 65.822699], [24.14031, 65.804511], [24.105154, 65.801825], [24.032725, 65.809719], [24.039073, 65.803656], [24.040863, 65.800523], [24.043793, 65.798529]]], [[[17.888113, 62.510159], [17.894705, 62.512315], [17.890473, 62.508287], [17.888113, 62.510159]]], [[[18.072195, 62.671942], [18.078136, 62.669053], [18.076427, 62.666368], [18.088715, 62.664822], [18.101899, 62.659654], [18.099132, 62.653022], [18.089773, 62.640937], [18.011322, 62.657823], [18.008556, 62.661363], [18.01474, 62.665839], [18.021495, 62.668647], [18.072195, 62.671942]]], [[[18.092784, 62.748196], [18.103201, 62.745185], [18.128103, 62.751654], [18.149425, 62.749823], [18.159841, 62.747138], [18.161143, 62.739203], [18.157237, 62.725409], [18.148448, 62.715522], [18.146983, 62.70954], [18.143077, 62.706366], [18.131114, 62.707465], [18.119965, 62.706488], [18.117035, 62.701728], [18.124522, 62.698961], [18.130056, 62.693508], [18.124685, 62.687934], [18.078949, 62.679755], [18.027029, 62.684516], [18.006114, 62.705552], [18.015798, 62.722317], [18.024913, 62.734605], [18.028331, 62.745185], [18.041026, 62.754543], [18.064301, 62.75788], [18.082042, 62.754381], [18.092784, 62.748196]]], [[[18.224946, 62.783922], [18.238699, 62.783311], [18.239024, 62.77615], [18.225922, 62.770372], [18.207693, 62.755723], [18.19988, 62.753323], [18.196462, 62.761298], [18.199392, 62.766466], [18.216319, 62.779568], [18.224946, 62.783922]]], [[[17.996593, 62.753689], [17.990571, 62.755642], [17.966807, 62.773017], [17.961843, 62.782457], [17.962738, 62.786811], [18.007091, 62.782701], [18.020437, 62.77733], [18.02589, 62.769436], [18.021332, 62.762844], [18.013845, 62.759752], [18.006277, 62.759589], [17.996593, 62.753689]]], [[[18.301768, 62.844794], [18.305349, 62.839016], [18.303233, 62.832384], [18.299571, 62.838121], [18.301768, 62.844794]]], [[[17.899181, 62.900906], [17.885997, 62.891466], [17.878591, 62.891466], [17.875011, 62.896104], [17.876069, 62.901272], [17.880544, 62.903754], [17.888845, 62.905585], [17.899099, 62.905585], [17.899181, 62.900906]]], [[[18.94752, 57.770494], [18.938243, 57.762641], [18.93214, 57.752265], [18.93214, 57.74079], [18.941254, 57.72956], [18.901215, 57.723944], [18.865245, 57.723334], [18.852794, 57.725491], [18.831879, 57.734849], [18.820811, 57.737006], [18.80714, 57.734442], [18.805919, 57.727851], [18.809418, 57.719062], [18.810313, 57.709662], [18.796641, 57.675523], [18.779145, 57.651068], [18.773936, 57.640815], [18.769298, 57.634833], [18.764659, 57.626899], [18.762462, 57.617174], [18.768891, 57.614488], [18.810313, 57.607327], [18.801036, 57.591783], [18.794688, 57.57807], [18.790863, 57.564154], [18.789806, 57.548285], [18.781993, 57.53498], [18.767833, 57.520738], [18.761404, 57.507636], [18.776134, 57.497463], [18.768809, 57.481838], [18.773204, 57.472235], [18.785899, 57.468207], [18.803477, 57.469428], [18.79835, 57.464342], [18.789806, 57.448961], [18.828787, 57.440009], [18.868907, 57.435289], [18.872813, 57.438666], [18.874685, 57.445136], [18.879731, 57.449205], [18.892833, 57.445624], [18.908865, 57.439154], [18.913829, 57.43594], [18.920177, 57.428534], [18.926117, 57.418199], [18.930024, 57.404527], [18.92628, 57.392646], [18.909923, 57.3876], [18.879161, 57.3876], [18.875336, 57.388577], [18.864024, 57.393378], [18.858165, 57.394355], [18.853282, 57.392239], [18.841156, 57.38288], [18.834483, 57.380764], [18.801524, 57.376207], [18.770193, 57.364488], [18.741547, 57.347886], [18.717947, 57.328925], [18.680431, 57.310492], [18.666759, 57.29678], [18.673676, 57.277655], [18.681407, 57.275377], [18.702485, 57.277655], [18.710948, 57.274319], [18.714122, 57.242906], [18.678884, 57.233344], [18.680512, 57.229926], [18.591482, 57.218695], [18.564464, 57.209418], [18.564464, 57.201972], [18.578136, 57.201972], [18.578136, 57.195746], [18.555431, 57.19245], [18.431163, 57.154283], [18.406423, 57.143012], [18.385753, 57.127427], [18.4546, 57.127427], [18.431163, 57.116929], [18.359874, 57.096137], [18.344737, 57.08275], [18.337901, 57.031236], [18.348643, 57.0185], [18.364268, 57.01142], [18.400076, 57.003974], [18.344737, 57.003974], [18.344737, 56.997138], [18.358409, 56.989691], [18.332367, 56.977118], [18.321462, 56.969062], [18.311534, 56.948065], [18.298513, 56.941596], [18.203949, 56.915188], [18.169688, 56.912014], [18.138682, 56.922024], [18.203868, 56.986274], [18.206391, 56.994696], [18.204845, 57.004584], [18.200857, 57.017564], [18.213878, 57.026313], [18.250824, 57.033881], [18.265636, 57.04149], [18.273692, 57.054104], [18.281993, 57.081041], [18.290212, 57.092719], [18.266368, 57.084377], [18.24464, 57.070136], [18.223318, 57.060289], [18.200857, 57.065375], [18.200857, 57.072821], [18.214122, 57.081529], [18.225108, 57.094916], [18.227306, 57.107489], [18.214366, 57.113837], [18.218516, 57.119045], [18.223806, 57.128607], [18.228038, 57.133694], [18.185313, 57.144843], [18.159841, 57.229804], [18.099376, 57.258979], [18.101085, 57.278022], [18.115571, 57.297024], [18.153087, 57.313422], [18.165863, 57.33161], [18.171153, 57.352118], [18.166026, 57.367092], [18.17921, 57.379543], [18.176606, 57.385565], [18.167247, 57.389228], [18.15919, 57.394355], [18.155935, 57.398627], [18.146169, 57.408026], [18.144298, 57.413398], [18.145356, 57.426174], [18.142345, 57.431952], [18.131602, 57.445299], [18.120942, 57.465074], [18.113455, 57.487982], [18.11199, 57.511054], [18.128184, 57.548163], [18.161469, 57.577948], [18.325043, 57.672593], [18.463064, 57.803168], [18.49936, 57.826565], [18.550141, 57.839423], [18.564138, 57.837795], [18.579438, 57.833441], [18.5949, 57.831366], [18.608653, 57.83633], [18.615001, 57.843573], [18.620372, 57.8581], [18.625987, 57.867906], [18.640798, 57.886176], [18.65797, 57.901842], [18.677745, 57.913886], [18.70045, 57.921332], [18.723806, 57.923], [18.742442, 57.917914], [18.757172, 57.906155], [18.769298, 57.887844], [18.769867, 57.882758], [18.767426, 57.878892], [18.764171, 57.87523], [18.762462, 57.871039], [18.764659, 57.86518], [18.769298, 57.86225], [18.773936, 57.860256], [18.776134, 57.857123], [18.778331, 57.847398], [18.784353, 57.839586], [18.803477, 57.825751], [18.81072, 57.851223], [18.827403, 57.863715], [18.844086, 57.873603], [18.851899, 57.891262], [18.847179, 57.897366], [18.839203, 57.905341], [18.837413, 57.912177], [18.851329, 57.915107], [18.913341, 57.921332], [18.913341, 57.915107], [18.89796, 57.89765], [18.917247, 57.888129], [18.94158, 57.888821], [18.941254, 57.902086], [18.956554, 57.907782], [18.97641, 57.911526], [18.995779, 57.912055], [19.009532, 57.908271], [19.002126, 57.902086], [19.006847, 57.892646], [19.014008, 57.881293], [19.024669, 57.871894], [19.040212, 57.867906], [19.050304, 57.862209], [19.078787, 57.834784], [19.085216, 57.825751], [19.014985, 57.822008], [18.986583, 57.80744], [18.981619, 57.770494], [18.970225, 57.779608], [18.957774, 57.784613], [18.948741, 57.78266], [18.94752, 57.770494]]], [[[18.515387110605413, 59.04365220265231], [18.514991305461113, 59.043383661947324], [18.511828473218497, 59.040484361178216], [18.513357, 59.050401], [18.517426, 59.055772], [18.523774, 59.058987], [18.525238, 59.055772], [18.526866, 59.05504], [18.527568852573836, 59.05546498529682], [18.526658333916703, 59.05417184864701], [18.52327045070334, 59.050283136139], [18.519500003829624, 59.04676410672596], [18.515387110605413, 59.04365220265231]]], [[[18.429454, 59.031806], [18.427501, 59.025702], [18.424571, 59.021633], [18.419932, 59.017035], [18.413585, 59.011664], [18.405284, 59.008612], [18.396007, 59.010647], [18.390961, 59.010688], [18.386241, 59.007148], [18.37672, 59.006903], [18.366547, 59.009101], [18.355479, 59.015815], [18.344412, 59.025702], [18.341319, 59.033433], [18.346039, 59.037055], [18.353282, 59.036689], [18.361583, 59.039211], [18.358084, 59.045356], [18.349783, 59.052924], [18.351085, 59.05683], [18.357107, 59.055854], [18.366222, 59.057807], [18.376313, 59.063788], [18.378754, 59.070543], [18.371593, 59.073554], [18.374766, 59.078355], [18.415375, 59.092922], [18.433767, 59.104153], [18.450857, 59.112047], [18.465994, 59.117255], [18.47934, 59.116645], [18.485362, 59.105618], [18.485362, 59.097561], [18.488455, 59.095038], [18.490082, 59.089423], [18.487315, 59.085028], [18.483897, 59.082709], [18.456065, 59.057196], [18.435883, 59.04975], [18.432872, 59.043118], [18.429535, 59.038153], [18.429454, 59.031806]]], [[[18.649343, 59.174669], [18.636567, 59.168158], [18.630056, 59.171413], [18.643077, 59.186062], [18.65268, 59.189032], [18.655447, 59.18712], [18.660574, 59.190701], [18.66033, 59.188178], [18.649343, 59.174669]]], [[[18.715831, 59.208808], [18.743826, 59.206692], [18.750011, 59.205146], [18.737966, 59.19774], [18.668468, 59.174262], [18.659679, 59.176907], [18.665701, 59.187934], [18.677257, 59.199286], [18.690929, 59.208808], [18.704356, 59.211493], [18.715831, 59.208808]]], [[[18.419119, 59.210924], [18.405447, 59.221829], [18.41863, 59.221381], [18.425059, 59.219753], [18.427419, 59.212388], [18.419119, 59.210924]]], [[[18.615326, 59.233995], [18.613455, 59.224026], [18.60613, 59.224514], [18.604177, 59.227118], [18.593272, 59.224636], [18.58782, 59.225898], [18.595795, 59.232449], [18.615326, 59.233995]]], [[[18.539073, 59.259955], [18.516124, 59.271308], [18.517263, 59.24901], [18.5324, 59.241889], [18.578136, 59.244615], [18.551606, 59.225898], [18.520356, 59.228664], [18.468272, 59.252102], [18.430431, 59.258287], [18.427094, 59.260891], [18.417979, 59.273749], [18.413097, 59.278754], [18.396821, 59.286119], [18.344737, 59.299262], [18.461681, 59.298245], [18.523448, 59.288642], [18.612315, 59.258287], [18.56072, 59.257392], [18.539073, 59.259955]]], [[[18.775157, 59.252183], [18.770518, 59.2508], [18.763845, 59.251532], [18.753754, 59.256049], [18.742931, 59.258857], [18.737315, 59.258979], [18.731619, 59.25849], [18.722667, 59.262397], [18.72462, 59.27265], [18.738455, 59.285224], [18.75766, 59.294582], [18.77589, 59.297797], [18.79005, 59.296576], [18.797048, 59.294867], [18.803233, 59.293931], [18.810802, 59.289252], [18.807628, 59.283149], [18.798676, 59.278266], [18.791189, 59.273179], [18.778575, 59.260077], [18.77768, 59.257025], [18.777843, 59.254096], [18.775157, 59.252183]]], [[[18.705903, 59.371243], [18.715017, 59.366889], [18.731293, 59.353909], [18.738048, 59.35163], [18.74171, 59.350775], [18.744151, 59.344916], [18.747081, 59.331855], [18.741384, 59.320014], [18.726573, 59.311998], [18.682791, 59.300279], [18.677501, 59.299547], [18.673106, 59.3039], [18.676768, 59.311021], [18.682953, 59.313422], [18.685802, 59.316474], [18.683604, 59.322455], [18.68214, 59.331244], [18.676036, 59.340277], [18.663829, 59.346991], [18.653168, 59.354885], [18.648448, 59.359565], [18.638031, 59.367987], [18.647309, 59.371812], [18.687999, 59.371283], [18.691091, 59.373725], [18.69809, 59.373603], [18.705903, 59.371243]]], [[[18.88494661598425, 59.3437114998331], [18.88355531283043, 59.34309402727562], [18.87379031283043, 59.339310027275616], [18.872301821754114, 59.33881426431865], [18.873057, 59.346055], [18.877859, 59.352851], [18.884776, 59.354112], [18.892914, 59.350084], [18.902436, 59.356309], [18.91391, 59.355455], [18.922293, 59.350002], [18.923432, 59.345608], [18.920828, 59.345079], [18.907725, 59.345486], [18.899262, 59.345323], [18.893728, 59.343248], [18.902029, 59.340684], [18.901622, 59.334947], [18.900256316266468, 59.333905386455385], [18.89968238551065, 59.33414614652414], [18.895719775135767, 59.33624400605122], [18.89196103006889, 59.33868841418013], [18.88494661598425, 59.3437114998331]]], [[[18.908214, 59.406317], [18.92156, 59.405911], [18.935883, 59.39883], [18.942393, 59.393622], [18.946462, 59.388739], [18.948253, 59.37873], [18.937673, 59.373236], [18.921072, 59.37934], [18.908458, 59.388373], [18.903819, 59.391018], [18.899913, 59.393744], [18.899425, 59.400702], [18.908214, 59.406317]]], [[[18.869477, 59.393459], [18.865489, 59.389716], [18.855724, 59.385932], [18.847667, 59.38935], [18.846528, 59.395901], [18.854259, 59.402533], [18.865082, 59.399848], [18.869477, 59.393459]]], [[[18.924164, 59.441352], [18.925792, 59.434027], [18.909028, 59.417914], [18.893891, 59.407172], [18.872325, 59.408637], [18.860606, 59.424506], [18.873546, 59.439765], [18.898611, 59.445705], [18.911794, 59.447211], [18.916352, 59.446194], [18.924164, 59.441352]]], [[[18.654082848853395, 59.44431974181697], [18.65002451785207, 59.4426645947181], [18.64932241822959, 59.44052599926803], [18.648103428453137, 59.437368893998965], [18.645681, 59.437201], [18.642426, 59.440294], [18.648936, 59.448757], [18.666352, 59.45657], [18.670674523656256, 59.45687376818521], [18.66962020762129, 59.455622558484706], [18.666164786783668, 59.45224554441443], [18.662399553620343, 59.449217809878235], [18.65835966660926, 59.44656762684049], [18.654082848853395, 59.44431974181697]]], [[[18.594412, 59.486884], [18.605317, 59.466783], [18.601817, 59.456122], [18.591156, 59.45246], [18.58253, 59.455512], [18.578461, 59.463935], [18.580903, 59.430732], [18.57309, 59.43183], [18.562266, 59.42829], [18.556407, 59.422309], [18.550629, 59.422593], [18.545421, 59.428534], [18.54184, 59.437242], [18.536306, 59.446438], [18.526866, 59.454657], [18.519054, 59.464057], [18.517751, 59.474066], [18.514496, 59.478461], [18.510509, 59.48314], [18.514415, 59.490953], [18.524913, 59.495063], [18.538097, 59.495551], [18.548839, 59.492987], [18.557384, 59.482001], [18.558116, 59.482856], [18.556163, 59.487494], [18.559581, 59.491441], [18.564952, 59.492987], [18.571625, 59.493394], [18.577647, 59.495063], [18.576427, 59.496405], [18.569509, 59.495347], [18.563487, 59.495673], [18.560069, 59.498114], [18.555431, 59.499457], [18.548106, 59.498969], [18.545421, 59.502387], [18.551117, 59.510077], [18.559825, 59.51789], [18.580414, 59.530097], [18.592459, 59.538764], [18.609711, 59.54564], [18.632498, 59.549872], [18.654307, 59.550035], [18.67449, 59.54564], [18.684255, 59.5397], [18.684418, 59.535102], [18.688975, 59.533393], [18.693207, 59.533515], [18.739106, 59.540432], [18.737478, 59.535142], [18.681407, 59.521308], [18.656586, 59.506741], [18.646495, 59.504462], [18.637706, 59.499213], [18.632986, 59.489651], [18.623546, 59.488267], [18.608409, 59.493638], [18.603282, 59.493069], [18.604177, 59.488023], [18.599864, 59.486233], [18.594412, 59.486884]]], [[[18.756847, 59.572659], [18.756602, 59.575588], [18.774425, 59.580756], [18.796153, 59.589301], [18.815603, 59.601874], [18.825043, 59.609361], [18.864757, 59.632473], [18.924327, 59.656928], [18.924164, 59.648261], [18.905284, 59.633612], [18.857921, 59.603339], [18.854259, 59.601142], [18.830821, 59.59162], [18.827647, 59.588813], [18.82781, 59.585883], [18.823904, 59.583889], [18.816254, 59.583319], [18.808767, 59.581855], [18.783539, 59.574368], [18.770356, 59.572008], [18.756847, 59.572659]]], [[[18.927501, 59.622463], [18.912852, 59.592108], [18.905284, 59.583238], [18.895681, 59.581204], [18.88559, 59.578599], [18.863455, 59.58397], [18.858572, 59.595771], [18.868419, 59.605618], [18.937755, 59.649075], [18.952485, 59.652981], [18.964854, 59.64765], [18.977712, 59.633857], [18.981781, 59.63288], [18.986339, 59.628567], [18.98463, 59.624335], [18.980642, 59.624335], [18.975271, 59.623114], [18.968028, 59.619371], [18.955089, 59.617865], [18.936697, 59.618964], [18.927501, 59.622463]]], [[[18.88738, 59.657294], [18.880138, 59.657335], [18.867849, 59.662502], [18.849946, 59.660712], [18.844493, 59.661485], [18.843761, 59.665229], [18.850597, 59.671332], [18.880382, 59.677965], [18.886729, 59.676581], [18.885671, 59.674506], [18.884125, 59.673204], [18.895844, 59.67121], [18.8956, 59.669135], [18.890636, 59.667792], [18.900727, 59.668647], [18.901541, 59.665676], [18.896576, 59.66177], [18.88738, 59.657294]]], [[[18.772634, 60.191962], [18.7824, 60.189887], [18.788259, 60.184149], [18.788097, 60.178046], [18.783865, 60.17593], [18.784434, 60.175116], [18.790294, 60.176174], [18.795584, 60.178209], [18.800304, 60.176418], [18.806163, 60.168036], [18.806895, 60.16059], [18.781993, 60.15351], [18.760997, 60.150051], [18.736339, 60.152899], [18.724376, 60.155463], [18.720388, 60.1612], [18.714203, 60.173407], [18.713064, 60.182563], [18.71461, 60.18773], [18.718272, 60.194159], [18.723969, 60.196601], [18.72877, 60.196723], [18.72877, 60.200426], [18.71225, 60.212144], [18.718516, 60.216457], [18.738292, 60.214504], [18.753103, 60.209174], [18.761404, 60.203192], [18.765798, 60.19599], [18.772634, 60.191962]]], [[[18.582774, 60.197781], [18.579275, 60.196397], [18.57488, 60.197211], [18.571625, 60.202053], [18.568044, 60.203599], [18.564382, 60.202745], [18.561778, 60.203599], [18.562429, 60.206692], [18.565522, 60.210069], [18.57252, 60.212917], [18.581635, 60.214423], [18.589773, 60.213772], [18.623627, 60.201402], [18.625255, 60.199571], [18.61907, 60.193061], [18.593191, 60.18887], [18.583995, 60.192532], [18.583588, 60.195909], [18.582774, 60.197781]]], [[[18.554454, 60.193061], [18.552989, 60.188422], [18.538585, 60.188951], [18.496674, 60.20657], [18.474539, 60.225002], [18.515961, 60.221869], [18.55071, 60.209947], [18.552175, 60.205593], [18.548676, 60.20128], [18.547699, 60.19892], [18.55128, 60.196601], [18.554454, 60.193061]]], [[[18.638601, 60.265204], [18.620453, 60.272244], [18.621267, 60.267971], [18.614431, 60.265611], [18.602387, 60.268948], [18.600108, 60.272895], [18.604503, 60.28026], [18.612641, 60.284532], [18.620291, 60.282782], [18.637462, 60.273749], [18.641287, 60.268948], [18.638601, 60.265204]]], [[[18.402192, 60.369818], [18.389171, 60.391018], [18.384939, 60.417914], [18.388927, 60.467515], [18.388031, 60.478909], [18.375173, 60.500393], [18.378754, 60.507799], [18.390147, 60.510077], [18.406261, 60.505845], [18.410981, 60.500718], [18.422374, 60.490912], [18.426768, 60.485419], [18.426768, 60.481757], [18.424815, 60.476793], [18.424001, 60.471096], [18.426768, 60.464911], [18.43922, 60.455552], [18.466075, 60.442694], [18.474457, 60.430813], [18.457856, 60.432074], [18.434581, 60.442084], [18.419932, 60.443793], [18.429698, 60.429918], [18.474457, 60.382392], [18.48463, 60.3664], [18.494314, 60.356594], [18.507823, 60.356024], [18.529796, 60.368109], [18.5324, 60.353909], [18.536794, 60.344428], [18.550141, 60.327094], [18.554698, 60.324774], [18.561534, 60.32331], [18.567882, 60.321275], [18.570649, 60.317206], [18.566905, 60.30744], [18.558116, 60.307196], [18.514334, 60.32095], [18.458832, 60.353827], [18.402192, 60.369818]]], [[[18.619884, 62.97956], [18.620724967195173, 62.98275600015344], [18.6229341369215, 62.977367342878445], [18.623088761175428, 62.97693181227543], [18.619884, 62.97956]]], [[[18.512706, 63.016791], [18.504324, 63.015448], [18.498139, 63.019761], [18.495209, 63.025539], [18.497325, 63.027615], [18.501638, 63.028388], [18.501313, 63.032213], [18.497895, 63.03734], [18.500173, 63.046291], [18.508149, 63.054145], [18.540294, 63.063625], [18.5442, 63.057929], [18.552175, 63.055691], [18.564626, 63.054918], [18.567556, 63.050686], [18.558686, 63.048936], [18.550955, 63.041368], [18.547862, 63.033311], [18.544281, 63.030137], [18.520518, 63.022732], [18.512706, 63.016791]]], [[[18.607921, 63.073554], [18.619314, 63.07982], [18.629242, 63.076321], [18.628347, 63.070095], [18.625173, 63.06391], [18.62423532437362, 63.06175914087436], [18.609904669505987, 63.06456905966081], [18.607921, 63.073554]]], [[[18.761811, 63.130845], [18.769216, 63.126654], [18.768809, 63.118354], [18.761404, 63.122504], [18.761811, 63.130845]]], [[[18.791189, 63.131822], [18.784353, 63.133165], [18.77947, 63.136217], [18.774994, 63.141181], [18.780284, 63.145128], [18.814301, 63.141832], [18.813813, 63.136908], [18.791189, 63.131822]]], [[[18.682384, 63.141872], [18.684581, 63.133205], [18.676443, 63.130561], [18.663259, 63.134223], [18.656749, 63.138251], [18.658051, 63.146755], [18.66627, 63.152696], [18.672699, 63.151435], [18.678396, 63.147366], [18.682384, 63.141872]]], [[[18.835704, 63.146796], [18.830821, 63.151435], [18.848481, 63.159857], [18.864919, 63.158718], [18.843842, 63.14704], [18.835704, 63.146796]]], [[[18.899425, 63.187405], [18.897472, 63.184963], [18.89324, 63.184882], [18.878998, 63.18891], [18.884288, 63.193874], [18.902354, 63.195095], [18.905854, 63.189399], [18.899425, 63.187405]]], [[[19.247895, 57.95246], [19.225841, 57.946194], [19.205333, 57.935126], [19.161957, 57.925971], [19.139903, 57.908271], [19.153168, 57.902045], [19.160655, 57.896064], [19.162852, 57.889228], [19.16033, 57.880316], [19.131114, 57.8522], [19.129649, 57.846869], [19.113455, 57.848375], [19.098399, 57.852729], [19.084483, 57.859361], [19.071625, 57.867906], [19.036794, 57.905219], [19.039561, 57.916978], [19.046723, 57.924262], [19.067882, 57.939358], [19.074962, 57.949042], [19.079926, 57.959052], [19.086599, 57.968451], [19.098318, 57.976549], [19.114594, 57.979682], [19.148611, 57.979071], [19.163422, 57.987128], [19.17213, 57.987372], [19.187755, 57.98432], [19.205821, 57.983466], [19.222423, 57.99022], [19.226736, 57.9737], [19.240082, 57.970608], [19.27296, 57.976549], [19.305675, 57.976386], [19.321137, 57.972724], [19.338552, 57.963568], [19.332286, 57.959052], [19.325857, 57.956692], [19.318533, 57.956041], [19.310557, 57.956732], [19.296072, 57.943671], [19.247895, 57.95246]]], [[[19.291189, 58.350246], [19.250336, 58.342841], [19.214122, 58.354682], [19.187755, 58.394965], [19.222423, 58.394965], [19.24879, 58.386054], [19.305675, 58.378974], [19.331716, 58.367621], [19.291189, 58.350246]]], [[[18.936941, 59.41177], [18.937673, 59.416205], [18.946056, 59.42064], [18.957042, 59.422512], [18.967865, 59.417385], [18.974783, 59.417873], [18.979177, 59.415635], [18.975027, 59.409776], [18.966482, 59.405626], [18.956309, 59.396104], [18.947846, 59.394395], [18.940603, 59.400743], [18.937836, 59.407131], [18.936941, 59.41177]]], [[[19.035438483893405, 59.63773260199026], [19.028168, 59.637641], [19.021739, 59.63878], [19.020356, 59.64289], [19.02768, 59.6494], [19.03091832013262, 59.65107265367043], [19.032113501270747, 59.64868403341486], [19.033889065250204, 59.644026343281695], [19.035192044255453, 59.63921500765283], [19.035438483893405, 59.63773260199026]]], [[[19.11671, 59.744412], [19.107921, 59.751532], [19.107921, 59.754665], [19.111827, 59.757717], [19.117686, 59.758409], [19.13234941920049, 59.75558301411324], [19.132195781454453, 59.75508867458262], [19.13033817385046, 59.750662586192256], [19.126378129528504, 59.74236721127765], [19.11671, 59.744412]]], [[[19.10434, 59.789984], [19.107107, 59.786485], [19.101899, 59.782945], [19.100434, 59.778225], [19.094493, 59.775133], [19.086192, 59.774807], [19.079112, 59.777859], [19.077973, 59.785915], [19.089692, 59.791612], [19.10434, 59.789984]]], [[[18.935557, 59.79267], [18.932302, 59.790107], [18.92628, 59.786851], [18.917491, 59.787746], [18.891287, 59.78559], [18.885753, 59.793931], [18.897634, 59.809801], [18.941661, 59.84809], [18.951671, 59.861151], [18.959158, 59.863715], [18.968598, 59.861802], [18.978282, 59.857856], [18.987966, 59.850531], [18.995453, 59.839504], [18.996349, 59.826402], [18.992524, 59.813544], [18.992198, 59.807522], [18.994965, 59.808539], [18.996349, 59.80976], [18.998709, 59.809027], [19.002289, 59.805732], [19.001964, 59.799994], [18.997813, 59.794623], [18.987804, 59.789537], [18.972016, 59.786607], [18.956391, 59.787055], [18.943126, 59.790107], [18.935557, 59.79267]]], [[[19.107595, 59.828233], [19.104828, 59.830919], [19.101817, 59.829332], [19.09726, 59.82807], [19.092214, 59.832668], [19.092621, 59.83747], [19.106049, 59.846462], [19.113373, 59.8581], [19.117396998628248, 59.86000125637931], [19.11680336210147, 59.844658478436], [19.117344517632624, 59.840997590076206], [19.117784220406, 59.83652180261524], [19.107595, 59.828233]]], [[[19.180837, 63.266018], [19.166433, 63.27147], [19.159923, 63.277371], [19.171804, 63.279405], [19.182302, 63.272528], [19.183279, 63.267971], [19.180837, 63.266018]]], [[[19.41505, 63.452623], [19.414561, 63.450588], [19.412771, 63.443142], [19.406423, 63.439805], [19.406179, 63.444403], [19.40504, 63.449449], [19.410167, 63.456122], [19.41505, 63.452623]]], [[[19.489268, 63.471584], [19.494477, 63.467922], [19.500418, 63.460354], [19.516694, 63.451687], [19.533865, 63.446397], [19.526052, 63.436713], [19.510916, 63.44123], [19.508474, 63.446397], [19.506684, 63.447496], [19.502208, 63.446763], [19.499848, 63.449205], [19.493093, 63.457261], [19.489268, 63.471584]]], [[[19.881928, 63.556627], [19.886567, 63.548814], [19.880056, 63.539944], [19.875987, 63.531358], [19.872325, 63.540717], [19.869802, 63.545518], [19.874197, 63.547593], [19.873546, 63.556586], [19.875662, 63.56623], [19.881928, 63.556627]]], [[[20.78230974458259, 63.61922294495134], [20.785981, 63.618476], [20.785552879820028, 63.614197051464394], [20.785078841569625, 63.61480309696117], [20.7824308714376, 63.6189819966669], [20.78230974458259, 63.61922294495134]]], [[[20.27475, 63.648464], [20.258311, 63.661241], [20.2671, 63.658759], [20.271007, 63.660915], [20.27711, 63.65884], [20.280365, 63.654079], [20.27475, 63.648464]]], [[[20.85613, 63.650946], [20.843028, 63.644192], [20.825938, 63.643622], [20.827647, 63.653144], [20.864594, 63.676744], [20.868907, 63.675727], [20.87086, 63.669379], [20.864594, 63.659369], [20.85613, 63.650946]]], [[[20.936209, 63.752102], [20.932872, 63.745307], [20.935232, 63.737291], [20.936697, 63.727525], [20.932872, 63.715277], [20.923106, 63.703192], [20.908865, 63.695299], [20.894054, 63.689927], [20.887218, 63.690904], [20.879731, 63.69066], [20.864757, 63.683092], [20.862071, 63.693345], [20.88087, 63.742377], [20.888927, 63.749945], [20.898123, 63.754096], [20.907074, 63.756171], [20.91977, 63.764146], [20.938243, 63.772854], [20.948497, 63.774604], [20.947032, 63.772691], [20.942231, 63.769355], [20.940684, 63.765692], [20.944184, 63.761135], [20.943044, 63.756741], [20.936209, 63.752102]]], [[[20.561371, 63.738267], [20.567882, 63.741441], [20.57252, 63.745998], [20.579142355929683, 63.734157595187305], [20.57616790130302, 63.73244861469951], [20.571388780568153, 63.73033205827191], [20.57017785883063, 63.72994105448934], [20.569102, 63.730658], [20.566742, 63.730536], [20.562022, 63.73074], [20.561371, 63.738267]]], [[[20.839203, 63.767564], [20.864919, 63.79682], [20.904633, 63.793524], [20.920421, 63.773749], [20.873546, 63.753974], [20.88087, 63.760728], [20.87322, 63.770697], [20.863455, 63.773505], [20.851899, 63.771674], [20.839203, 63.767564]]], [[[20.587006, 63.788031], [20.583588, 63.780829], [20.57602, 63.778754], [20.568696, 63.774929], [20.567719, 63.774929], [20.570323, 63.783962], [20.578217, 63.793199], [20.582937, 63.794257], [20.587006, 63.788031]]], [[[20.709321, 63.810899], [20.707205, 63.805162], [20.701345, 63.802843], [20.695486, 63.797838], [20.694916, 63.798448], [20.696869, 63.80386], [20.698822, 63.809068], [20.709321, 63.810899]]], [[[21.12615, 64.187283], [21.110688, 64.194159], [21.122081, 64.194607], [21.128917, 64.187201], [21.12615, 64.187283]]], [[[21.508881, 64.597764], [21.510834, 64.594835], [21.511078, 64.592108], [21.509207, 64.59219], [21.502452, 64.593736], [21.500418, 64.601345], [21.508881, 64.597764]]], [[[21.162446, 64.686225], [21.170502, 64.692694], [21.182302, 64.695461], [21.193533, 64.691148], [21.202566, 64.685126], [21.208344, 64.6765], [21.206879, 64.672675], [21.201345, 64.672593], [21.194102, 64.670885], [21.13795, 64.683743], [21.131277, 64.687161], [21.132579, 64.69005], [21.125743, 64.698472], [21.123871, 64.702989], [21.122406, 64.708848], [21.125336, 64.713406], [21.137462, 64.713772], [21.151052, 64.708604], [21.15325, 64.702541], [21.149587, 64.698432], [21.150808, 64.692898], [21.155935, 64.687649], [21.162446, 64.686225]]], [[[21.28386760256328, 64.88818335621225], [21.280640557475206, 64.88493818269927], [21.272890263073002, 64.87782703722738], [21.268403, 64.880764], [21.258067, 64.887152], [21.254893, 64.896186], [21.255463, 64.902899], [21.259532, 64.906521], [21.26767, 64.905707], [21.288259, 64.897121], [21.28929421600239, 64.89538275278616], [21.286784405690707, 64.89171000201893], [21.28386760256328, 64.88818335621225]]], [[[21.566742, 65.087551], [21.56894, 65.087958], [21.570323, 65.091051], [21.567882, 65.09752], [21.588145, 65.104844], [21.60727, 65.097642], [21.606375, 65.086737], [21.589936, 65.087958], [21.582205, 65.088568], [21.579682, 65.085801], [21.569591, 65.083645], [21.567068, 65.08511], [21.566742, 65.087551]]], [[[21.666775393380803, 65.13397391281549], [21.663829, 65.135565], [21.653087, 65.14057], [21.657074, 65.144761], [21.655365, 65.148057], [21.667817, 65.151801], [21.66866215301276, 65.15128147386673], [21.66881394808264, 65.14911474609406], [21.66868910345458, 65.14431958010526], [21.66810533471785, 65.1395584439905], [21.66706801469382, 65.13487515772881], [21.666775393380803, 65.13397391281549]]], [[[21.751573502850185, 65.28355659297438], [21.750824, 65.284654], [21.751599032307617, 65.28488991540391], [21.751573502850185, 65.28355659297438]]], [[[21.702403, 65.392279], [21.713634, 65.394192], [21.732107, 65.39289], [21.742361, 65.391262], [21.752778, 65.38935], [21.774181, 65.383775], [21.790863, 65.375515], [21.799978, 65.369696], [21.808279, 65.36522], [21.813813, 65.359524], [21.819591, 65.354804], [21.82263104999124, 65.35106155993704], [21.822494653762504, 65.35105112922827], [21.791732653762505, 65.35011512922827], [21.790739122381375, 65.35013449576832], [21.789806, 65.350328], [21.777436, 65.353624], [21.768403, 65.356676], [21.760753, 65.35928], [21.75408, 65.362291], [21.744721, 65.367784], [21.736583, 65.372138], [21.732921, 65.374986], [21.730886, 65.37637], [21.72698, 65.37877], [21.721934, 65.383287], [21.717703, 65.383368], [21.714854, 65.376207], [21.708344, 65.372748], [21.695974, 65.374945], [21.690278, 65.375434], [21.686778, 65.375881], [21.679617, 65.378201], [21.672048, 65.380316], [21.664643, 65.382676], [21.659353, 65.386623], [21.662201, 65.390855], [21.672862, 65.390489], [21.685395, 65.386379], [21.694835, 65.383979], [21.698416, 65.384182], [21.699229, 65.388088], [21.702403, 65.392279]]], [[[21.791677, 65.391099], [21.795828, 65.394477], [21.805919, 65.390163], [21.82309, 65.384263], [21.838552, 65.377672], [21.835704, 65.377672], [21.817231, 65.379665], [21.804861, 65.381293], [21.791677, 65.391099]]], [[[22.01691346222435, 65.3799866904399], [22.012767651290435, 65.37845896805904], [22.008503159049603, 65.37730320428534], [22.004153285529778, 65.37652842410085], [21.99975199747344, 65.37614067751113], [21.99533366310238, 65.37614299230276], [21.987953549266667, 65.37647326333827], [21.976492, 65.380968], [21.971528, 65.387641], [21.97877, 65.394884], [21.993012, 65.396633], [21.999522, 65.394477], [22.007091, 65.392361], [22.017589, 65.388414], [22.0223366786672, 65.38226206677373], [22.01691346222435, 65.3799866904399]]], [[[22.382498, 65.393337], [22.388682, 65.386949], [22.393877303453632, 65.3836834675425], [22.387328086703555, 65.38211202035146], [22.38459038112027, 65.38160094284244], [22.37322, 65.389228], [22.375173, 65.395128], [22.382498, 65.393337]]], [[[22.047930975004757, 65.39754781612477], [22.041596, 65.399685], [22.035085, 65.405341], [22.038422, 65.411607], [22.051443, 65.413153], [22.058540434135622, 65.4108616880581], [22.0584688506365, 65.41075623377614], [22.0513068506365, 65.40147923377614], [22.04794795454658, 65.39756390670809], [22.047930975004757, 65.39754781612477]]], [[[22.10434, 65.425116], [22.104503, 65.427314], [22.108165, 65.430854], [22.111013, 65.436672], [22.115408, 65.43887], [22.124197, 65.435289], [22.130544, 65.429348], [22.125824, 65.427965], [22.118907, 65.428575], [22.121104, 65.42418], [22.122895, 65.418118], [22.113699, 65.41946], [22.10434, 65.425116]]], [[[22.306407, 65.45539], [22.316661, 65.452216], [22.3213, 65.446926], [22.33253, 65.44302], [22.352061, 65.449286], [22.37086, 65.459459], [22.39088, 65.45954], [22.408051, 65.455268], [22.417817, 65.449937], [22.410411, 65.441311], [22.387869, 65.433661], [22.375662, 65.430732], [22.294932, 65.428168], [22.285167, 65.431627], [22.286388, 65.442572], [22.29477, 65.452867], [22.306407, 65.45539]]], [[[22.215343, 65.460028], [22.207205, 65.456122], [22.206554, 65.450181], [22.216807, 65.441962], [22.227224, 65.436672], [22.2317, 65.431545], [22.233165, 65.423896], [22.2317, 65.418118], [22.2199, 65.419867], [22.210704, 65.423163], [22.201427, 65.425523], [22.153575, 65.430365], [22.148285, 65.434638], [22.142589, 65.445787], [22.144054, 65.454535], [22.147227, 65.458441], [22.147309, 65.468655], [22.156586, 65.474351], [22.174001, 65.474311], [22.210216, 65.465806], [22.215343, 65.460028]]], [[[22.61671, 65.463121], [22.618500638515016, 65.46192368219414], [22.6129677893773, 65.46100144381775], [22.611677980754877, 65.46084662425154], [22.61671, 65.463121]]], [[[22.64479378922234, 65.4723596517811], [22.64145259931189, 65.46994375855265], [22.63953478965387, 65.46883645169274], [22.636241, 65.473904], [22.64479378922234, 65.4723596517811]]], [[[22.084158, 65.482245], [22.066417, 65.486477], [22.059581, 65.489732], [22.058604, 65.492336], [22.072683, 65.494615], [22.084158, 65.482245]]], [[[22.519437270322168, 65.49302569795076], [22.515985743120286, 65.49647024011603], [22.512886159974276, 65.50023461191948], [22.510930105225693, 65.503147940212], [22.518158, 65.507717], [22.526296, 65.50845], [22.531993, 65.50845], [22.540701, 65.509467], [22.5442, 65.508857], [22.545909, 65.506171], [22.549897, 65.504665], [22.55657, 65.501085], [22.560639, 65.49787], [22.565603, 65.494045], [22.574799, 65.485704], [22.577322, 65.47838], [22.568207, 65.474595], [22.544281, 65.474026], [22.541492001813733, 65.47428563682267], [22.537946254842492, 65.47662326195534], [22.534004270322168, 65.47984169795076], [22.519437270322168, 65.49302569795076]]], [[[22.027843, 65.499376], [22.027843, 65.496487], [22.024343, 65.497463], [22.011485, 65.500312], [22.001964, 65.499091], [22.009776, 65.498603], [22.009776, 65.493272], [22.001964, 65.495998], [21.998057, 65.498033], [21.995616, 65.49901], [21.989268, 65.5008], [21.987722, 65.504381], [21.99114, 65.504055], [21.987966, 65.505968], [21.992035, 65.506537], [21.999522, 65.505316], [22.01946, 65.507229], [22.029389, 65.505601], [22.029959, 65.502061], [22.027843, 65.499376]]], [[[22.10906, 65.499416], [22.109304, 65.497748], [22.107595, 65.495266], [22.100759, 65.493557], [22.094005, 65.492133], [22.090017, 65.488918], [22.086762, 65.488349], [22.0831, 65.492051], [22.082937, 65.497504], [22.082123, 65.501614], [22.0796, 65.506537], [22.0796, 65.513414], [22.084483, 65.515163], [22.09905, 65.513088], [22.116222, 65.508287], [22.118826, 65.502631], [22.112478, 65.5008], [22.10906, 65.499416]]], [[[22.336274, 65.512885], [22.358735, 65.503974], [22.358246, 65.495063], [22.344086, 65.490383], [22.332693, 65.491645], [22.321137, 65.50019], [22.307791, 65.506741], [22.293224, 65.51142], [22.278819, 65.513251], [22.270518, 65.509833], [22.274262, 65.501288], [22.270763, 65.50023], [22.270518, 65.496894], [22.272716, 65.491156], [22.283458, 65.4831], [22.285492, 65.479193], [22.280121, 65.478217], [22.265798, 65.481757], [22.218761, 65.506781], [22.193207, 65.525784], [22.186778, 65.537828], [22.198009, 65.541978], [22.211436, 65.545111], [22.22641, 65.543931], [22.303396, 65.523017], [22.31129, 65.522854], [22.318614, 65.523993], [22.326834, 65.520575], [22.336274, 65.512885]]], [[[22.577159, 65.533108], [22.586599, 65.528998], [22.5949, 65.528266], [22.610525, 65.523993], [22.617198, 65.517483], [22.614268, 65.511908], [22.604747, 65.510321], [22.58839, 65.512112], [22.567556, 65.516913], [22.552989, 65.530097], [22.55893, 65.538275], [22.577159, 65.533108]]], [[[22.363862, 65.511868], [22.364106, 65.515896], [22.362722, 65.520209], [22.355235, 65.526679], [22.340831, 65.53384], [22.328705, 65.539252], [22.334402, 65.540025], [22.350597, 65.535102], [22.359304, 65.53026], [22.36671, 65.527208], [22.380382, 65.5185], [22.375743, 65.509589], [22.363862, 65.511868]]], [[[22.425873, 65.538113], [22.424327, 65.534613], [22.419363, 65.534613], [22.411143, 65.537299], [22.415863, 65.543606], [22.42213, 65.541124], [22.425873, 65.538113]]], [[[22.586762, 65.555121], [22.575369, 65.558173], [22.572032, 65.557563], [22.576345, 65.554185], [22.569591, 65.554999], [22.539317, 65.563666], [22.533539, 65.567816], [22.529145, 65.576239], [22.535899, 65.581366], [22.546397, 65.581773], [22.56072, 65.580797], [22.577973, 65.58275], [22.625824, 65.593411], [22.641449, 65.589097], [22.637462, 65.579657], [22.62143, 65.576117], [22.613943, 65.571438], [22.612153, 65.563788], [22.606212, 65.557522], [22.597423, 65.553941], [22.586762, 65.555121]]], [[[22.367686, 65.609361], [22.36671, 65.611233], [22.374522, 65.611802], [22.383149, 65.607164], [22.381928, 65.594387], [22.367686, 65.599962], [22.367768, 65.604641], [22.368988, 65.607042], [22.367686, 65.609361]]], [[[22.568126, 65.612535], [22.595063, 65.612982], [22.604503, 65.600287], [22.589122, 65.593736], [22.57016, 65.594794], [22.558604, 65.600979], [22.554454, 65.605373], [22.568126, 65.612535]]], [[[22.454194, 65.603095], [22.445567, 65.607042], [22.435639, 65.612616], [22.423595, 65.616238], [22.414073, 65.620022], [22.419932, 65.623643], [22.429373, 65.622789], [22.432953, 65.620551], [22.439789, 65.616482], [22.448657566652006, 65.61232279255489], [22.448814224215997, 65.61216135765052], [22.451667507208132, 65.6086296611355], [22.4557379871455, 65.603095], [22.454194, 65.603095]]], [[[22.635102, 65.632392], [22.624278, 65.634223], [22.619558, 65.634874], [22.613617, 65.638495], [22.613862, 65.643785], [22.618663, 65.646064], [22.631358, 65.647244], [22.631438992859295, 65.64722967641558], [22.632181614739817, 65.64648137969272], [22.63518592302581, 65.64281739924093], [22.635476209258513, 65.64242701960913], [22.639130926977515, 65.64160773945834], [22.647761669969544, 65.63922482584121], [22.648855, 65.635688], [22.635102, 65.632392]]], [[[22.617198, 65.655911], [22.606375, 65.656358], [22.602468, 65.656806], [22.598318, 65.658637], [22.602273248967244, 65.66241198292852], [22.603670241044604, 65.66223558262706], [22.608293826139594, 65.6611996859634], [22.612798595129163, 65.65973078250195], [22.61714409406875, 65.65784206336072], [22.62007885857914, 65.65622043417667], [22.617198, 65.655911]]], [[[22.399832, 65.66352], [22.410248, 65.662584], [22.419932, 65.656358], [22.4074, 65.655422], [22.398774, 65.657416], [22.399832, 65.66352]]], [[[22.398936, 65.704169], [22.393728, 65.707872], [22.398611, 65.713772], [22.408865, 65.717393], [22.413748, 65.717963], [22.420339, 65.718207], [22.423466059063564, 65.71784372244217], [22.426279260150267, 65.71094227766164], [22.424978, 65.707913], [22.427501, 65.700588], [22.416433, 65.700263], [22.403656, 65.703396], [22.398936, 65.704169]]], [[[22.474539, 65.77025], [22.480642, 65.770209], [22.483409, 65.765408], [22.480317, 65.763821], [22.474539, 65.77025]]], [[[22.638438, 65.780707], [22.638845, 65.77615], [22.631847, 65.773505], [22.622895, 65.772569], [22.612641, 65.771023], [22.604991, 65.772406], [22.605317, 65.775946], [22.607839, 65.778998], [22.609711, 65.783474], [22.615489, 65.784613], [22.623953, 65.783474], [22.6303, 65.784939], [22.633718, 65.785549], [22.638438, 65.780707]]], [[[22.400564, 65.78502], [22.392426, 65.787218], [22.389008, 65.789537], [22.387218, 65.795193], [22.394135, 65.800076], [22.404959, 65.79564], [22.409597, 65.79267], [22.41444662252775, 65.79147480054006], [22.413518347468486, 65.78769641363104], [22.410167, 65.788113], [22.400564, 65.78502]]], [[[22.485281, 65.79682], [22.484955, 65.793728], [22.477224, 65.794989], [22.465994, 65.799872], [22.461599, 65.805487], [22.463552, 65.813056], [22.470225, 65.814805], [22.473806, 65.807644], [22.476899, 65.801866], [22.482351, 65.801256], [22.485525, 65.799669], [22.485281, 65.79682]]], [[[22.681460189800088, 65.55590496231235], [22.678998033794365, 65.55182252683032], [22.67615825722955, 65.54799314558484], [22.673030583081296, 65.54452254519713], [22.668305, 65.544664], [22.659516, 65.540513], [22.647227, 65.538072], [22.640798, 65.542141], [22.643484, 65.547878], [22.646414, 65.553209], [22.657563, 65.558539], [22.680837, 65.558132], [22.681934835440092, 65.5568943199251], [22.681460189800088, 65.55590496231235]]], [[[22.968598, 65.650255], [22.974132, 65.649807], [22.981781, 65.646064], [22.990082, 65.639716], [22.986095, 65.634874], [22.976736, 65.638699], [22.968923, 65.641872], [22.962657, 65.64704], [22.961436, 65.651435], [22.963308, 65.654975], [22.969493, 65.654812], [22.971934, 65.65176], [22.968598, 65.650255]]], [[[22.792328, 65.661933], [22.795665, 65.657782], [22.796815036819808, 65.65572021788788], [22.76984918080419, 65.65767413492921], [22.76531, 65.664537], [22.770437, 65.668647], [22.776215, 65.667467], [22.781993, 65.669053], [22.787364, 65.669135], [22.790457, 65.666368], [22.792328, 65.661933]]], [[[23.044932, 65.67536], [23.054535, 65.673936], [23.060557, 65.672471], [23.062673, 65.675645], [23.063975, 65.678616], [23.0678, 65.678778], [23.074555, 65.676663], [23.08253, 65.67475], [23.088715, 65.672756], [23.09197, 65.668158], [23.091319, 65.664089], [23.086762, 65.662299], [23.079682, 65.6612], [23.066091, 65.663804], [23.056407, 65.667222], [23.047699, 65.670966], [23.044932, 65.67536]]], [[[22.990977, 65.674302], [22.993663, 65.676052], [22.999115, 65.675971], [23.003184, 65.676418], [23.010916, 65.675971], [23.016612, 65.676459], [23.019786, 65.670559], [23.02285236957926, 65.66493732243802], [23.02268750647131, 65.66469322403712], [23.020356, 65.664293], [23.015391, 65.665351], [23.006602, 65.664903], [22.997895, 65.669135], [22.992605, 65.672512], [22.990977, 65.674302]]], [[[22.699040616717152, 65.68137445801726], [22.700369, 65.681871], [22.710053, 65.680447], [22.714203, 65.680162], [22.717377, 65.677191], [22.722179, 65.672227], [22.719060570364597, 65.66874001601313], [22.715666113149673, 65.67053695224968], [22.707039113149673, 65.67562295224967], [22.701223669716452, 65.67963043650681], [22.699040616717152, 65.68137445801726]]], [[[22.897634, 65.679063], [22.900727, 65.675971], [22.901459, 65.673204], [22.901378, 65.670925], [22.899506, 65.671007], [22.88738, 65.672878], [22.875255, 65.679063], [22.883149, 65.682603], [22.892996, 65.678738], [22.897634, 65.679063]]], [[[22.957286, 65.670885], [22.927257, 65.684516], [22.899099, 65.701402], [22.882172, 65.720445], [22.886241, 65.737372], [22.904552, 65.742743], [22.930024, 65.741889], [22.956228, 65.733222], [22.959727, 65.725328], [22.944835, 65.724555], [22.945974, 65.721625], [22.962657, 65.716295], [22.976899, 65.709866], [22.985118, 65.700263], [22.981944, 65.69359], [22.971039, 65.695502], [22.964041, 65.695624], [22.960948, 65.690131], [22.962901, 65.681952], [22.971934, 65.66706], [22.957286, 65.670885]]], [[[23.188975, 65.728298], [23.191417, 65.722846], [23.189138, 65.719591], [23.181326, 65.721462], [23.182953, 65.725206], [23.188975, 65.728298]]], [[[23.738292, 65.696723], [23.69988, 65.707465], [23.681488, 65.721666], [23.681651, 65.743069], [23.689626, 65.74844], [23.696625, 65.739569], [23.704763, 65.735989], [23.710704, 65.74018], [23.713552, 65.751899], [23.719249, 65.750678], [23.729828, 65.745266], [23.74171, 65.742255], [23.753673, 65.741278], [23.765147, 65.744208], [23.775157, 65.749579], [23.781505, 65.748358], [23.786957, 65.743638], [23.79005, 65.747138], [23.792654, 65.753892], [23.797211, 65.75373], [23.800792, 65.749823], [23.802745, 65.74372], [23.79949, 65.734809], [23.792817, 65.728461], [23.786306, 65.724677], [23.783214, 65.721137], [23.784679, 65.718207], [23.773936, 65.711249], [23.738292, 65.696723]]], [[[23.165538, 65.73371], [23.175629, 65.734076], [23.179617, 65.727118], [23.174246, 65.723944], [23.170502, 65.728949], [23.165538, 65.73371]]], [[[23.239730499712028, 65.71682383217333], [23.236176, 65.720201], [23.231456, 65.722846], [23.223725, 65.727037], [23.218272, 65.730984], [23.212738, 65.733344], [23.211355, 65.738145], [23.218272, 65.739407], [23.227387, 65.734768], [23.235118, 65.732489], [23.23585, 65.735012], [23.22991, 65.738349], [23.232758, 65.744086], [23.24643, 65.748643], [23.26059, 65.74726], [23.2671, 65.745673], [23.270763, 65.744737], [23.277118827526472, 65.73805260850817], [23.27685877003365, 65.73768841498878], [23.27363333963428, 65.73399735095906], [23.271275699341484, 65.73178088469368], [23.267996, 65.735907], [23.257823, 65.73786], [23.25115, 65.733913], [23.253429, 65.728542], [23.257986, 65.723782], [23.258397880479762, 65.72325417927766], [23.257630270600448, 65.72287356185173], [23.253046607860814, 65.72113649800086], [23.239730499712028, 65.71682383217333]]], [[[22.802419, 65.734809], [22.811371, 65.714097], [22.805431, 65.705227], [22.760509, 65.708482], [22.741059, 65.713609], [22.732432, 65.718695], [22.725759, 65.724026], [22.726248, 65.729967], [22.730479, 65.738593], [22.731944, 65.751451], [22.735525, 65.766343], [22.746837, 65.770413], [22.790782, 65.750312], [22.802419, 65.734809]]], [[[24.050687240399224, 65.74396897607045], [24.050629, 65.744045], [24.056977, 65.747626], [24.065766, 65.751736], [24.067649485640807, 65.74823241120293], [24.065053320956572, 65.74746428689664], [24.050687240399224, 65.74396897607045]]], [[[23.41269, 65.754462], [23.416189, 65.758409], [23.421886, 65.760362], [23.425141, 65.75788], [23.429617, 65.752427], [23.427745, 65.743272], [23.424978, 65.74315], [23.423106, 65.744167], [23.415863, 65.746405], [23.408295, 65.74905], [23.412283, 65.751858], [23.41269, 65.754462]]], [[[23.209321, 65.758165], [23.213064, 65.758246], [23.218354, 65.759792], [23.224946, 65.760728], [23.232432, 65.756334], [23.240733, 65.755276], [23.241628, 65.751166], [23.234793, 65.750393], [23.228363, 65.747382], [23.21811, 65.746853], [23.211436, 65.74315], [23.205414, 65.743272], [23.1963, 65.743272], [23.190929, 65.745714], [23.188487, 65.749213], [23.186615, 65.751614], [23.187511, 65.753445], [23.192231, 65.754218], [23.197195, 65.756293], [23.198822, 65.755113], [23.202566, 65.75491], [23.205984, 65.7567], [23.209321, 65.758165]]], [[[23.244395, 65.755845], [23.240164, 65.760077], [23.25115, 65.762274], [23.26767, 65.763495], [23.273774, 65.762397], [23.273611, 65.760362], [23.273123, 65.756415], [23.273285, 65.750596], [23.272309, 65.748847], [23.26002, 65.751166], [23.244395, 65.755845]]], [[[23.892345, 65.753241], [23.885834, 65.756415], [23.889334, 65.76321], [23.896169, 65.757676], [23.894623, 65.753404], [23.892345, 65.753241]]], [[[23.370128, 65.760728], [23.37615, 65.762763], [23.374197, 65.756985], [23.37143, 65.756985], [23.370128, 65.760728]]], [[[23.961274, 65.78795], [23.972667, 65.785834], [23.969656, 65.784247], [23.970144, 65.781887], [23.968435, 65.778428], [23.952891, 65.781521], [23.961274, 65.78795]]], [[[23.478526, 65.794053], [23.482026, 65.793606], [23.482758, 65.790798], [23.481212, 65.787218], [23.474457, 65.78441], [23.472911, 65.785264], [23.472585, 65.788113], [23.467947, 65.792467], [23.464936, 65.796658], [23.472992, 65.79678], [23.478526, 65.794053]]], [[[23.21339, 65.79206], [23.213227, 65.796902], [23.223155, 65.797797], [23.236746, 65.79442], [23.241384, 65.78734], [23.232758, 65.78441], [23.225515, 65.784817], [23.220307, 65.786526], [23.21339, 65.79206]]], [[[24.146821, 65.799954], [24.158783, 65.799465], [24.161306, 65.794501], [24.16033, 65.787095], [24.156586, 65.786282], [24.153982, 65.789944], [24.146821, 65.799954]]], [[[24.112153, 65.785875], [24.100271, 65.788967], [24.105805, 65.79442], [24.111501, 65.798], [24.118337, 65.798611], [24.124197, 65.802354], [24.131033, 65.801418], [24.128998, 65.793565], [24.117686, 65.789618], [24.112153, 65.785875]]], [[[22.743744, 65.80744], [22.752533, 65.799709], [22.760997, 65.792751], [22.759451, 65.791856], [22.741791, 65.797349], [22.723318, 65.809801], [22.743744, 65.80744]]], [[[22.769379, 65.799343], [22.761404, 65.809638], [22.757579, 65.815497], [22.773774, 65.806789], [22.778656, 65.79564], [22.769379, 65.799343]]]]}}]}